field,graduationYear,loanAmount,selectiveCollege,sex,Default
STEM,2006,23159.58054,0,Male,No
HUMANITIES,2010,47498.06121,0,Male,Yes
HUMANITIES,2012,29637.51953,0,Female,No
STEM,2008,25369.57716,1,Female,No
BUSINESS,2013,42398.55457,0,Male,Yes
HUMANITIES,2012,39253.38426,1,Female,Yes
STEM,2005,48903.96685,1,Male,No
STEM,2007,30687.01911,1,Male,No
STEM,2005,31999.81687,0,Male,No
HUMANITIES,2005,45120.41995,0,Female,Yes
HUMANITIES,2010,45361.0466,0,Female,Yes
STEM,2011,43964.54294,0,Male,No
HUMANITIES,2005,34951.63612,1,Female,Yes
STEM,2005,38592.23306,0,Male,No
HUMANITIES,2011,57839.42344,1,Male,Yes
HUMANITIES,2009,36271.03114,0,Female,Yes
STEM,2014,37824.20825,0,Male,No
STEM,2010,35670.22176,0,Male,No
HUMANITIES,2012,41279.5463,0,Female,Yes
STEM,2011,27487.58605,1,Female,No
BUSINESS,2006,48087.34625,0,Male,No
HUMANITIES,2009,41454.52126,0,Female,No
HUMANITIES,2008,41053.16566,0,Female,No
BUSINESS,2011,41744.162,0,Female,Yes
HUMANITIES,2011,46151.76575,0,Male,No
STEM,2007,39444.7341,0,Male,No
STEM,2006,48911.73699,0,Male,No
STEM,2011,31393.34168,0,Male,No
HUMANITIES,2012,31454.16422,0,Male,Yes
BUSINESS,2013,43869.00943,0,Female,Yes
STEM,2005,40487.95185,0,Male,No
STEM,2010,33587.7037,0,Male,No
HUMANITIES,2006,35881.93487,1,Male,Yes
BUSINESS,2012,44019.56258,0,Female,No
BUSINESS,2005,42308.64803,0,Female,No
STEM,2009,26954.88569,0,Male,No
STEM,2013,45271.89885,0,Male,No
STEM,2007,26307.08825,1,Female,No
HUMANITIES,2008,47828.78387,0,Female,Yes
STEM,2011,38454.71004,0,Female,No
STEM,2013,21883.12292,1,Male,No
HUMANITIES,2012,40516.74378,0,Female,Yes
BUSINESS,2007,39817.52098,0,Male,No
STEM,2005,52714.44793,0,Male,No
HUMANITIES,2011,34715.14286,0,Female,Yes
BUSINESS,2013,30839.71798,1,Female,No
STEM,2007,37738.95518,0,Female,No
BUSINESS,2006,42487.9964,0,Female,No
STEM,2008,39549.89356,0,Male,No
HUMANITIES,2011,30621.1341,0,Female,No
STEM,2010,44084.65776,0,Male,No
BUSINESS,2012,36937.07134,0,Female,No
HUMANITIES,2010,41915.79359,1,Female,Yes
BUSINESS,2010,46392.16171,0,Female,No
HUMANITIES,2006,53768.60692,1,Female,Yes
HUMANITIES,2012,32881.03211,0,Male,Yes
STEM,2011,41432.44812,0,Male,No
HUMANITIES,2012,33111.21721,0,Male,Yes
STEM,2013,43423.00051,0,Male,No
BUSINESS,2012,34957.72199,0,Male,No
BUSINESS,2009,34065.01107,1,Male,No
BUSINESS,2007,35939.1416,0,Female,No
HUMANITIES,2005,44252.41765,1,Male,No
STEM,2011,31308.22364,0,Female,No
BUSINESS,2013,44872.25427,1,Male,No
STEM,2011,36958.59454,0,Male,No
STEM,2008,41431.33415,0,Male,No
BUSINESS,2012,44604.89903,0,Male,No
STEM,2014,45381.05622,0,Male,No
STEM,2011,42956.15731,0,Male,No
BUSINESS,2010,27996.56514,0,Female,No
HUMANITIES,2013,44543.68442,0,Female,Yes
STEM,2006,35265.23579,0,Male,No
STEM,2012,38888.88059,0,Male,No
HUMANITIES,2006,33193.66294,0,Male,Yes
STEM,2006,30241.66948,0,Male,No
STEM,2012,37205.71825,0,Female,No
STEM,2014,34982.83906,1,Female,No
BUSINESS,2006,41631.5395,0,Male,No
BUSINESS,2013,47325.88616,0,Male,Yes
HUMANITIES,2009,40585.93609,0,Female,No
BUSINESS,2006,49034.60236,0,Female,No
BUSINESS,2005,37345.02283,0,Female,No
STEM,2011,40836.19709,0,Male,No
STEM,2005,45175.21378,0,Male,No
BUSINESS,2007,40748.85302,1,Male,No
HUMANITIES,2012,35719.75221,0,Female,Yes
HUMANITIES,2008,46091.70451,0,Female,No
STEM,2011,37970.95735,1,Male,No
HUMANITIES,2009,36445.80503,0,Female,Yes
STEM,2005,30203.63639,0,Male,No
STEM,2009,40879.75447,0,Male,No
STEM,2010,44200.50331,0,Male,No
STEM,2006,42747.83363,0,Male,No
BUSINESS,2008,42539.04713,0,Female,No
HUMANITIES,2011,41027.99322,0,Male,Yes
BUSINESS,2008,38000.2886,0,Male,No
STEM,2008,37603.66697,0,Male,No
STEM,2005,37864.30219,0,Male,No
STEM,2013,32848.22547,0,Female,No
HUMANITIES,2011,36667.92979,0,Male,Yes
STEM,2014,47035.89829,0,Male,No
STEM,2012,45983.27051,0,Male,No
STEM,2012,37563.71296,0,Male,No
BUSINESS,2007,37940.66835,0,Female,No
HUMANITIES,2006,42124.52901,1,Female,Yes
HUMANITIES,2008,47071.19065,0,Male,No
HUMANITIES,2008,46413.67618,0,Male,No
HUMANITIES,2006,43861.21022,0,Female,No
HUMANITIES,2010,31483.10358,0,Female,Yes
HUMANITIES,2006,45961.72564,0,Male,No
HUMANITIES,2005,48690.42415,0,Male,Yes
STEM,2006,36981.71135,0,Female,No
STEM,2009,33951.87736,0,Male,No
HUMANITIES,2007,26639.96053,1,Male,No
HUMANITIES,2012,22424.73389,0,Female,Yes
BUSINESS,2010,41946.50514,1,Male,No
STEM,2011,27588.9345,0,Male,No
STEM,2011,41505.6531,0,Male,Yes
BUSINESS,2008,33621.53335,0,Female,No
BUSINESS,2012,44478.9088,0,Female,No
BUSINESS,2013,39751.86937,0,Female,No
STEM,2007,33838.14275,0,Female,No
BUSINESS,2009,50211.29571,0,Female,No
STEM,2010,30372.29963,1,Male,Yes
HUMANITIES,2014,50143.13931,0,Female,Yes
STEM,2014,54964.83169,0,Male,No
HUMANITIES,2007,44307.19008,0,Female,Yes
STEM,2006,47459.32194,0,Male,No
STEM,2006,34385.94506,1,Female,No
HUMANITIES,2007,29112.55906,0,Female,Yes
HUMANITIES,2013,47489.30221,0,Male,Yes
HUMANITIES,2013,45929.4526,1,Female,Yes
HUMANITIES,2013,39984.97575,0,Female,Yes
HUMANITIES,2008,37521.45835,0,Female,No
STEM,2011,33159.23553,1,Male,No
HUMANITIES,2012,40384.25624,0,Female,Yes
HUMANITIES,2012,34602.43855,0,Male,Yes
HUMANITIES,2009,37069.51274,0,Male,No
STEM,2008,34319.65947,0,Female,No
BUSINESS,2014,58865.35324,0,Female,Yes
STEM,2012,49060.38545,0,Male,No
STEM,2012,42669.69772,0,Male,No
BUSINESS,2011,29108.07702,0,Male,Yes
BUSINESS,2009,42606.55619,1,Female,No
BUSINESS,2005,29483.84103,1,Female,No
STEM,2005,49558.40953,0,Male,No
STEM,2008,47549.24276,0,Male,No
HUMANITIES,2008,39095.96684,1,Female,Yes
STEM,2008,40152.21975,0,Female,No
STEM,2009,48572.98255,0,Male,No
BUSINESS,2008,48029.29884,0,Male,No
HUMANITIES,2006,34663.97875,0,Female,No
STEM,2010,43593.51823,0,Male,No
HUMANITIES,2014,35110.21801,0,Female,Yes
STEM,2014,26986.38499,0,Male,No
HUMANITIES,2007,42750.66523,0,Female,No
BUSINESS,2010,50746.38075,0,Female,No
STEM,2007,37938.90019,0,Female,No
HUMANITIES,2008,40616.6115,1,Female,No
STEM,2009,42622.4578,0,Female,No
STEM,2009,31399.97806,0,Female,No
HUMANITIES,2010,33693.29303,0,Male,No
STEM,2011,47750.79734,0,Male,No
STEM,2013,33661.58007,0,Male,No
STEM,2009,51466.82295,0,Male,No
HUMANITIES,2006,27105.67238,0,Male,Yes
STEM,2005,44306.15753,0,Male,No
STEM,2012,49575.60526,1,Male,No
HUMANITIES,2010,42575.90338,1,Female,Yes
HUMANITIES,2011,24685.22647,1,Female,No
HUMANITIES,2014,48761.64236,0,Female,Yes
HUMANITIES,2008,38112.12263,0,Male,Yes
BUSINESS,2012,52611.37052,1,Male,No
HUMANITIES,2014,37697.14165,1,Male,No
HUMANITIES,2010,32005.96774,0,Male,No
BUSINESS,2009,42519.75809,0,Male,No
HUMANITIES,2013,36786.03647,0,Male,Yes
BUSINESS,2006,49123.47813,0,Female,No
HUMANITIES,2009,49717.97505,0,Female,Yes
STEM,2008,45237.47359,0,Male,No
HUMANITIES,2007,43833.86424,0,Female,No
BUSINESS,2013,49045.68424,0,Female,No
HUMANITIES,2014,28451.8725,1,Female,Yes
STEM,2005,49052.0007,0,Male,No
STEM,2011,38367.59766,0,Male,No
STEM,2005,32918.0837,1,Male,No
BUSINESS,2005,29912.12614,0,Female,No
STEM,2005,43110.16619,0,Female,No
HUMANITIES,2011,38360.6237,0,Female,Yes
STEM,2006,36988.90012,0,Female,No
STEM,2005,45761.96768,0,Male,No
STEM,2007,20889.06204,0,Male,No
HUMANITIES,2013,21459.37307,1,Female,Yes
STEM,2012,41155.43131,0,Male,No
STEM,2007,28949.18594,1,Male,No
STEM,2008,40057.50129,0,Female,No
HUMANITIES,2012,41459.37215,1,Male,Yes
HUMANITIES,2005,40437.7431,1,Female,No
STEM,2010,48515.83831,0,Female,No
HUMANITIES,2005,36998.25978,1,Male,No
STEM,2012,35432.43986,0,Male,Yes
STEM,2010,37848.17694,0,Male,No
STEM,2013,51892.91032,0,Male,No
HUMANITIES,2011,47445.65893,0,Female,Yes
STEM,2014,36090.99563,1,Male,No
HUMANITIES,2010,30273.34421,0,Male,No
STEM,2008,35730.43548,1,Male,No
BUSINESS,2014,39049.99061,0,Male,No
STEM,2009,38414.21163,0,Male,No
STEM,2012,34220.5405,0,Male,No
STEM,2013,43486.94753,1,Male,No
BUSINESS,2006,36341.91149,0,Female,No
BUSINESS,2010,36484.30367,1,Male,No
STEM,2009,45981.39079,0,Male,No
HUMANITIES,2009,40689.77978,1,Female,Yes
HUMANITIES,2011,33983.04832,0,Female,Yes
STEM,2006,38470.20967,1,Male,No
STEM,2008,43051.83685,1,Male,No
HUMANITIES,2011,43011.704,0,Female,Yes
HUMANITIES,2010,44836.66558,0,Female,Yes
STEM,2012,34812.25655,0,Female,No
STEM,2011,43134.41054,1,Male,No
STEM,2009,30467.99634,0,Female,No
STEM,2013,29413.08753,0,Male,No
HUMANITIES,2008,41251.32059,0,Female,No
BUSINESS,2009,50387.20675,0,Female,No
HUMANITIES,2008,38638.26967,1,Female,No
HUMANITIES,2006,44876.99967,0,Male,No
STEM,2009,37434.78858,0,Male,No
STEM,2006,37562.10495,0,Male,No
BUSINESS,2005,34789.46572,0,Female,No
STEM,2013,30800.82353,0,Male,No
STEM,2007,43291.37518,0,Female,No
HUMANITIES,2005,39725.19689,0,Female,No
STEM,2010,32025.13943,1,Female,No
HUMANITIES,2012,47284.26871,0,Female,Yes
BUSINESS,2010,40532.89801,0,Male,No
HUMANITIES,2013,38508.87626,1,Female,Yes
STEM,2011,43300.87299,0,Female,No
BUSINESS,2009,46345.29743,0,Female,No
STEM,2013,33522.63518,0,Male,No
BUSINESS,2011,38753.22783,1,Male,No
BUSINESS,2008,47421.47486,1,Male,No
HUMANITIES,2005,41147.45263,0,Female,Yes
HUMANITIES,2006,38541.16769,0,Female,No
STEM,2005,42401.45304,1,Female,No
BUSINESS,2010,21965.61324,1,Female,No
BUSINESS,2006,42769.86585,0,Female,No
STEM,2012,37388.45122,1,Male,No
STEM,2007,39818.53733,0,Female,No
STEM,2009,41707.21171,0,Male,No
BUSINESS,2011,45548.12199,0,Female,No
HUMANITIES,2012,42333.44561,0,Female,Yes
STEM,2014,39394.02431,0,Male,No
STEM,2005,40649.57029,0,Female,No
BUSINESS,2008,39955.44891,1,Male,No
STEM,2006,30806.88835,0,Male,No
STEM,2011,39812.34753,0,Male,No
BUSINESS,2007,46490.22973,0,Female,No
BUSINESS,2008,45884.99809,0,Female,No
STEM,2006,35773.80376,0,Male,No
HUMANITIES,2010,35498.83693,0,Female,No
BUSINESS,2011,41084.58184,0,Male,Yes
STEM,2014,49780.48805,1,Male,No
STEM,2012,38239.03583,0,Male,No
STEM,2006,33666.17326,0,Male,No
BUSINESS,2013,39131.60024,0,Male,Yes
BUSINESS,2012,33042.71858,0,Female,No
STEM,2007,29743.35555,0,Male,No
HUMANITIES,2012,41201.25477,0,Male,Yes
BUSINESS,2011,52032.57468,0,Male,Yes
HUMANITIES,2007,36338.70643,0,Male,Yes
BUSINESS,2011,36745.47081,1,Female,No
BUSINESS,2013,41778.74345,0,Female,Yes
STEM,2006,43701.83183,0,Male,No
STEM,2006,40922.46634,0,Male,No
STEM,2006,23370.23388,0,Male,No
STEM,2009,33154.81837,1,Male,No
HUMANITIES,2011,34660.56926,0,Female,Yes
STEM,2007,31239.21786,1,Female,No
HUMANITIES,2010,39868.66022,0,Male,No
STEM,2006,40933.92245,0,Male,No
STEM,2006,36613.45106,0,Male,No
HUMANITIES,2008,39342.75674,0,Female,No
STEM,2010,32516.58432,0,Male,No
HUMANITIES,2010,46317.73186,0,Female,Yes
HUMANITIES,2010,49205.96035,1,Male,No
HUMANITIES,2009,35291.78806,1,Male,No
BUSINESS,2012,47038.74053,0,Male,Yes
BUSINESS,2014,45497.57607,1,Male,No
HUMANITIES,2009,43201.51339,0,Female,Yes
STEM,2009,29220.05868,0,Female,No
STEM,2014,53552.72335,0,Female,No
BUSINESS,2007,41506.07006,0,Female,Yes
HUMANITIES,2010,29305.98273,0,Male,Yes
BUSINESS,2008,31541.451,0,Female,No
STEM,2010,55175.20234,0,Male,No
BUSINESS,2012,42963.66659,0,Male,No
HUMANITIES,2013,38944.4406,0,Female,Yes
STEM,2006,43184.10725,0,Male,No
HUMANITIES,2009,30470.84864,0,Female,No
STEM,2014,53024.8049,0,Male,Yes
STEM,2012,29786.11091,0,Male,No
STEM,2007,49716.25277,1,Male,No
HUMANITIES,2009,37991.68841,0,Female,No
STEM,2006,32308.67533,0,Female,No
HUMANITIES,2014,38502.30637,0,Female,Yes
STEM,2008,35205.09912,0,Male,No
BUSINESS,2013,47082.88892,0,Male,No
HUMANITIES,2008,28044.62443,1,Female,Yes
STEM,2013,26913.27151,0,Male,No
STEM,2011,47132.39667,1,Male,No
HUMANITIES,2009,34619.97769,0,Male,No
STEM,2011,60994.31192,0,Male,Yes
HUMANITIES,2013,46423.70325,0,Female,Yes
STEM,2007,29042.67317,0,Male,No
HUMANITIES,2008,38881.83692,0,Female,No
STEM,2007,48514.60532,0,Female,No
HUMANITIES,2014,34235.5897,0,Female,Yes
HUMANITIES,2008,47664.45501,0,Male,Yes
HUMANITIES,2006,45921.5197,0,Female,No
STEM,2012,47166.48438,0,Male,No
STEM,2013,27302.60484,0,Male,No
STEM,2013,37243.84752,0,Male,No
STEM,2012,39356.48706,0,Male,No
HUMANITIES,2010,23172.37151,0,Female,Yes
HUMANITIES,2008,39355.27957,0,Female,No
HUMANITIES,2007,40348.36783,0,Female,No
STEM,2005,44238.97314,0,Male,No
HUMANITIES,2010,42047.59283,1,Female,Yes
STEM,2005,27138.93259,0,Female,No
STEM,2010,34920.71348,0,Male,No
STEM,2010,43861.66713,0,Male,No
HUMANITIES,2011,39700.51561,0,Female,Yes
STEM,2010,30452.58946,0,Male,No
HUMANITIES,2005,50048.02221,0,Female,No
STEM,2008,45977.01343,0,Male,No
STEM,2007,33903.96449,0,Male,No
STEM,2010,29814.8086,0,Female,No
STEM,2009,40081.97231,0,Male,No
STEM,2009,38886.57798,0,Female,No
BUSINESS,2014,41006.00685,0,Female,Yes
STEM,2005,39503.68343,0,Male,No
STEM,2010,30907.32504,1,Male,No
HUMANITIES,2007,29102.31608,0,Female,No
HUMANITIES,2013,32540.36036,0,Female,No
HUMANITIES,2014,38612.27961,0,Female,Yes
HUMANITIES,2006,37939.29014,0,Female,No
BUSINESS,2005,44138.64029,1,Male,No
HUMANITIES,2005,36320.51163,0,Female,No
STEM,2009,34447.72699,0,Female,No
STEM,2014,51105.71007,1,Male,No
STEM,2006,44492.10325,1,Male,No
STEM,2012,41594.45897,0,Female,No
BUSINESS,2012,42341.90426,0,Male,No
BUSINESS,2010,50637.49049,0,Male,Yes
STEM,2013,47126.7066,0,Female,Yes
HUMANITIES,2008,36226.93778,0,Male,Yes
STEM,2008,30638.5055,0,Female,No
HUMANITIES,2012,30368.30307,0,Female,Yes
STEM,2009,49302.99445,0,Male,No
STEM,2013,43024.93645,1,Female,No
STEM,2011,43263.02577,1,Male,No
HUMANITIES,2005,34996.24938,0,Male,Yes
HUMANITIES,2005,42403.66909,0,Female,No
HUMANITIES,2008,57879.95023,0,Female,No
BUSINESS,2012,35016.86596,1,Female,No
STEM,2006,31662.67112,0,Female,No
BUSINESS,2008,40410.45445,0,Male,No
STEM,2007,42682.41654,0,Male,No
STEM,2014,37825.16436,0,Male,No
STEM,2012,27633.18571,0,Male,No
STEM,2013,31128.69437,0,Male,No
BUSINESS,2008,38155.08187,0,Male,No
STEM,2010,53835.96674,0,Female,No
BUSINESS,2010,41271.51213,1,Female,Yes
HUMANITIES,2011,52356.62468,0,Male,Yes
BUSINESS,2012,46361.33958,0,Male,No
HUMANITIES,2011,48187.51347,0,Female,Yes
STEM,2008,17003.06237,0,Female,No
STEM,2007,48307.81709,0,Female,No
STEM,2009,33231.15782,0,Male,No
STEM,2006,36111.8458,0,Male,No
STEM,2012,50811.45416,0,Female,No
STEM,2011,40186.93976,1,Male,No
STEM,2008,49798.70305,0,Male,No
STEM,2006,49997.62018,0,Male,No
HUMANITIES,2009,41449.45417,0,Female,No
BUSINESS,2005,32264.3275,1,Male,Yes
BUSINESS,2006,38489.20791,0,Male,No
HUMANITIES,2013,36425.03025,1,Female,Yes
STEM,2013,35748.59971,0,Male,No
BUSINESS,2005,50182.70579,0,Female,No
STEM,2005,43016.05269,0,Female,No
STEM,2013,32019.55973,0,Male,No
HUMANITIES,2008,53930.77605,1,Female,No
STEM,2009,27814.59506,1,Female,No
BUSINESS,2013,39194.98862,0,Male,No
HUMANITIES,2006,50078.49677,1,Male,No
STEM,2008,46433.22311,0,Female,No
BUSINESS,2006,41801.88562,0,Male,No
HUMANITIES,2012,41275.90842,1,Male,Yes
HUMANITIES,2013,50940.27984,0,Female,Yes
STEM,2012,38139.81287,0,Male,No
STEM,2008,36539.4333,1,Male,No
STEM,2014,30548.57456,0,Male,No
BUSINESS,2008,43600.1588,1,Female,No
HUMANITIES,2013,34737.87342,0,Female,Yes
STEM,2010,44472.79053,0,Male,No
STEM,2014,48436.18302,0,Male,No
HUMANITIES,2008,45219.85853,0,Female,Yes
HUMANITIES,2005,50827.66854,0,Female,No
HUMANITIES,2007,38256.9081,0,Female,No
BUSINESS,2012,47810.86493,0,Female,No
HUMANITIES,2013,44576.05597,0,Female,Yes
BUSINESS,2012,46326.98186,0,Male,No
HUMANITIES,2008,53460.37861,0,Female,No
STEM,2006,32226.77089,0,Female,No
HUMANITIES,2013,29365.83312,0,Male,No
HUMANITIES,2005,39933.09304,0,Female,Yes
HUMANITIES,2010,51554.60069,0,Female,Yes
STEM,2014,43273.3097,0,Male,No
HUMANITIES,2013,39499.63915,0,Female,Yes
STEM,2007,39104.25068,0,Female,No
STEM,2010,37796.45604,0,Male,No
STEM,2012,38746.39228,0,Male,No
HUMANITIES,2012,49496.19603,0,Male,Yes
STEM,2011,35595.23588,0,Female,No
HUMANITIES,2011,38270.91755,0,Male,Yes
HUMANITIES,2011,44941.32446,0,Female,Yes
BUSINESS,2009,52592.68491,0,Female,No
BUSINESS,2013,44398.35941,0,Male,Yes
STEM,2011,51618.41648,1,Male,No
HUMANITIES,2011,42003.07477,0,Female,Yes
HUMANITIES,2010,33883.2788,0,Female,Yes
BUSINESS,2005,37180.54164,0,Male,No
STEM,2006,40561.30775,0,Male,No
BUSINESS,2014,22348.00414,0,Male,No
STEM,2009,39166.36404,0,Female,No
HUMANITIES,2013,52640.99706,0,Female,Yes
STEM,2013,34859.0749,0,Female,No
STEM,2009,30053.59887,0,Male,No
STEM,2005,29804.66678,0,Female,No
STEM,2012,23253.71206,0,Female,No
STEM,2013,45043.04812,0,Male,No
STEM,2005,21516.05204,0,Male,No
STEM,2008,46467.69045,0,Female,No
STEM,2014,31170.43318,0,Male,No
STEM,2014,35360.49638,0,Female,No
STEM,2011,42689.78572,0,Male,No
STEM,2007,32787.81904,1,Male,No
STEM,2014,46697.68096,0,Female,No
STEM,2009,43859.4486,1,Female,No
STEM,2012,51704.32013,0,Male,No
STEM,2007,37315.27675,0,Male,No
STEM,2005,46020.99254,0,Male,No
STEM,2010,36457.25816,0,Female,Yes
BUSINESS,2008,49358.98532,1,Female,No
STEM,2010,27997.96578,0,Female,No
STEM,2011,48919.21858,0,Male,No
STEM,2014,48464.92442,1,Male,No
STEM,2008,50827.90866,1,Male,No
BUSINESS,2010,44638.48339,0,Female,No
HUMANITIES,2011,48442.23918,0,Female,Yes
BUSINESS,2005,56498.17396,1,Female,No
STEM,2009,39173.22296,0,Male,No
HUMANITIES,2006,47804.22185,0,Male,Yes
HUMANITIES,2007,44977.42081,0,Female,No
STEM,2012,43297.91661,0,Female,No
HUMANITIES,2009,44909.37925,0,Male,No
BUSINESS,2007,38982.48308,1,Female,No
STEM,2007,40308.15388,0,Male,No
HUMANITIES,2008,41330.74724,0,Male,No
STEM,2011,56590.41223,1,Male,No
STEM,2008,35773.3028,0,Female,No
BUSINESS,2006,37630.066,0,Male,No
BUSINESS,2012,50281.05554,0,Female,No
STEM,2008,43669.47078,0,Male,No
HUMANITIES,2013,48896.39184,0,Female,Yes
STEM,2005,30825.80243,0,Male,No
BUSINESS,2013,50550.99128,0,Male,Yes
BUSINESS,2011,41032.27476,0,Male,Yes
HUMANITIES,2014,30463.53858,0,Female,Yes
STEM,2014,27501.21469,0,Female,No
BUSINESS,2006,39641.88459,0,Male,No
HUMANITIES,2010,38167.67809,0,Male,Yes
STEM,2007,38422.24266,0,Male,No
STEM,2008,44349.6907,1,Male,No
STEM,2010,45145.87994,0,Male,No
STEM,2008,40399.60091,0,Male,No
STEM,2012,41862.93332,0,Male,No
STEM,2012,36894.50662,1,Male,No
STEM,2013,38813.29017,0,Male,No
HUMANITIES,2013,52406.83654,0,Male,Yes
BUSINESS,2013,41377.51594,0,Male,No
STEM,2012,45143.33279,0,Male,No
HUMANITIES,2014,38255.99907,1,Male,No
BUSINESS,2006,40429.17678,0,Male,No
STEM,2010,38253.87327,1,Male,No
HUMANITIES,2008,36888.31702,0,Female,No
BUSINESS,2012,48459.08699,0,Male,Yes
STEM,2013,53370.17821,0,Male,No
HUMANITIES,2013,34650.99752,0,Female,Yes
HUMANITIES,2005,44116.96937,0,Male,No
STEM,2006,33054.56201,1,Male,No
STEM,2013,50314.78018,0,Female,No
HUMANITIES,2013,54775.78615,0,Female,Yes
STEM,2005,32570.06483,0,Male,No
STEM,2008,33637.29601,0,Male,No
STEM,2012,43955.04117,0,Male,No
BUSINESS,2008,46549.87471,0,Male,No
HUMANITIES,2008,45852.83694,0,Female,No
HUMANITIES,2012,48230.53528,0,Female,Yes
STEM,2011,47180.50716,1,Female,No
HUMANITIES,2014,45317.27047,0,Male,Yes
STEM,2014,53713.2105,0,Male,No
STEM,2007,35029.35436,0,Female,No
HUMANITIES,2013,51284.11117,1,Male,Yes
STEM,2006,34610.51505,0,Female,No
HUMANITIES,2006,43702.64101,1,Male,Yes
STEM,2009,35050.79434,0,Male,No
HUMANITIES,2011,29412.20523,0,Female,Yes
HUMANITIES,2008,37159.65916,0,Female,Yes
STEM,2014,31598.58689,1,Male,No
STEM,2012,45731.50354,0,Female,No
HUMANITIES,2008,43893.414,0,Female,No
BUSINESS,2014,38445.19438,0,Female,Yes
STEM,2005,45384.02726,0,Female,No
STEM,2009,40086.094,0,Female,No
HUMANITIES,2012,29690.04199,0,Female,No
HUMANITIES,2011,39948.23495,0,Female,Yes
HUMANITIES,2007,48350.06211,1,Female,No
HUMANITIES,2007,36866.0252,1,Female,No
STEM,2011,56927.87374,0,Male,No
HUMANITIES,2008,36150.83498,0,Male,No
STEM,2013,33627.04057,0,Female,No
BUSINESS,2010,37972.87772,0,Female,No
STEM,2014,43889.23765,0,Male,No
STEM,2005,36629.13166,1,Female,No
HUMANITIES,2007,51512.7139,0,Female,No
HUMANITIES,2009,39874.4968,0,Female,Yes
STEM,2010,39235.24,0,Female,No
STEM,2006,45187.36647,0,Female,No
HUMANITIES,2009,39266.90256,0,Female,No
STEM,2012,48463.20934,0,Male,No
HUMANITIES,2013,31500.81273,0,Male,Yes
HUMANITIES,2012,23945.39028,0,Female,Yes
STEM,2010,43453.52646,0,Female,No
STEM,2012,30199.32573,0,Female,No
BUSINESS,2014,47608.30219,0,Male,No
STEM,2011,35741.62125,0,Male,No
STEM,2005,46267.00863,0,Male,No
HUMANITIES,2012,47871.17087,0,Female,Yes
BUSINESS,2009,39189.69836,1,Male,No
STEM,2006,35698.73508,0,Male,No
STEM,2005,38449.46307,0,Male,No
STEM,2010,32507.4624,0,Male,No
STEM,2014,29932.92542,0,Male,No
HUMANITIES,2014,37746.77036,0,Female,Yes
BUSINESS,2006,37092.47176,1,Female,No
HUMANITIES,2008,22907.87008,0,Female,Yes
STEM,2011,40771.09512,0,Female,No
BUSINESS,2005,38769.27425,1,Male,No
STEM,2006,49632.06305,0,Male,No
STEM,2012,41757.35274,0,Male,No
HUMANITIES,2013,44203.71497,0,Male,Yes
HUMANITIES,2006,39884.88067,0,Female,No
BUSINESS,2008,36495.38692,1,Female,No
HUMANITIES,2006,41319.79644,0,Male,No
HUMANITIES,2014,48342.8763,1,Male,Yes
STEM,2005,43091.86136,0,Female,No
HUMANITIES,2008,40527.5529,0,Male,No
STEM,2014,41676.83764,1,Male,No
STEM,2014,38733.08585,0,Male,No
HUMANITIES,2005,50219.5769,0,Female,No
STEM,2012,51972.09381,0,Male,No
STEM,2014,42918.78876,0,Male,No
STEM,2008,36018.5236,0,Male,No
STEM,2011,40063.25556,1,Female,No
HUMANITIES,2012,36303.97722,0,Female,Yes
HUMANITIES,2006,47499.59651,0,Female,No
BUSINESS,2012,34407.40722,0,Male,No
STEM,2007,46743.93189,1,Female,No
STEM,2012,37992.68063,0,Female,No
STEM,2009,35975.54585,1,Male,No
BUSINESS,2013,42225.21761,1,Male,No
HUMANITIES,2010,38942.66884,1,Female,Yes
STEM,2011,47711.65225,1,Male,No
STEM,2008,43806.82476,0,Female,No
STEM,2011,41218.34619,0,Male,No
HUMANITIES,2008,40351.65274,0,Male,No
STEM,2008,57396.24022,0,Male,No
HUMANITIES,2008,37985.47711,0,Female,No
HUMANITIES,2005,42113.26992,0,Female,Yes
STEM,2007,49632.62631,0,Female,No
STEM,2012,42520.99441,0,Male,Yes
BUSINESS,2006,32950.5471,0,Male,No
HUMANITIES,2005,51560.71464,0,Female,No
BUSINESS,2008,55748.65081,0,Female,No
STEM,2012,54944.87672,1,Male,No
BUSINESS,2014,44044.2517,0,Female,No
STEM,2012,40338.93324,0,Male,No
HUMANITIES,2013,31280.58221,0,Female,Yes
STEM,2005,46146.59238,0,Female,No
STEM,2005,32859.59889,0,Male,No
STEM,2013,50820.41417,0,Male,No
STEM,2006,36977.25773,0,Female,No
HUMANITIES,2010,43194.12507,0,Male,Yes
HUMANITIES,2010,41972.5266,0,Female,Yes
STEM,2012,29547.39906,0,Female,No
STEM,2005,41643.16131,0,Male,No
HUMANITIES,2010,35375.70675,1,Female,Yes
STEM,2006,36544.94421,1,Male,No
STEM,2013,40667.43303,1,Female,No
STEM,2009,55542.40338,1,Female,No
STEM,2013,28663.1767,0,Male,No
STEM,2009,24280.44425,1,Female,No
HUMANITIES,2014,31854.74467,0,Male,No
BUSINESS,2013,35032.02487,1,Male,No
STEM,2012,44851.80083,0,Female,No
STEM,2006,51925.40456,0,Male,No
HUMANITIES,2006,39394.26887,1,Female,No
STEM,2007,39979.63317,0,Male,No
BUSINESS,2014,47599.61158,0,Female,Yes
BUSINESS,2007,37884.78048,0,Female,No
STEM,2005,30161.49161,0,Female,No
HUMANITIES,2010,50117.86243,1,Male,Yes
STEM,2012,39185.71644,0,Male,No
STEM,2014,41444.67982,0,Female,No
STEM,2012,34294.2038,1,Male,No
STEM,2005,34145.25054,0,Male,No
STEM,2009,36217.31738,1,Male,No
STEM,2012,29517.56514,0,Female,No
STEM,2006,51147.72883,0,Male,No
HUMANITIES,2009,20731.14103,0,Female,No
STEM,2014,44594.9709,0,Male,No
STEM,2012,43643.85086,0,Male,No
HUMANITIES,2013,47709.48562,0,Female,Yes
HUMANITIES,2013,44833.70879,0,Male,No
BUSINESS,2010,28638.45215,0,Female,No
STEM,2007,48209.16644,0,Female,No
STEM,2009,47244.08865,0,Male,No
STEM,2013,32341.69511,1,Male,No
HUMANITIES,2013,34996.14612,0,Female,Yes
STEM,2009,47690.27789,1,Male,No
STEM,2010,44050.47114,1,Male,No
STEM,2009,37597.11793,0,Female,No
HUMANITIES,2012,37579.08711,0,Female,Yes
STEM,2014,43733.19903,0,Male,No
STEM,2014,37611.1952,0,Male,No
STEM,2011,35549.58915,0,Male,No
HUMANITIES,2009,45297.35121,0,Female,No
BUSINESS,2008,30524.93619,0,Male,No
HUMANITIES,2013,51724.10302,0,Female,No
BUSINESS,2013,48174.14487,0,Male,Yes
STEM,2008,29182.36037,0,Female,No
STEM,2011,38572.41927,0,Male,No
STEM,2013,36761.33255,0,Male,No
STEM,2006,41145.66231,1,Female,No
STEM,2013,45889.42443,0,Female,No
HUMANITIES,2014,45112.04016,0,Female,Yes
HUMANITIES,2010,41592.40632,0,Male,Yes
STEM,2008,40081.31536,0,Male,No
STEM,2005,49814.94781,0,Male,No
HUMANITIES,2005,32101.01531,0,Male,No
HUMANITIES,2009,46855.0249,0,Female,Yes
STEM,2010,45486.97724,0,Male,No
BUSINESS,2007,39353.42744,0,Male,No
HUMANITIES,2011,41765.05527,0,Female,Yes
STEM,2013,35845.40805,1,Male,No
HUMANITIES,2012,34087.99117,0,Female,Yes
STEM,2008,35039.09755,0,Male,No
STEM,2013,43787.43888,0,Male,No
STEM,2006,41038.7002,0,Male,No
STEM,2012,35694.77051,0,Male,No
BUSINESS,2011,42559.37937,0,Male,No
HUMANITIES,2005,41109.15713,0,Female,Yes
HUMANITIES,2008,40190.17907,1,Female,No
STEM,2006,48617.0995,0,Male,No
STEM,2014,42402.2777,0,Male,No
BUSINESS,2006,41726.94719,0,Male,No
BUSINESS,2010,35022.19428,0,Female,Yes
HUMANITIES,2011,50173.95238,0,Female,Yes
STEM,2010,36947.92358,0,Female,No
STEM,2013,26156.93815,0,Male,No
STEM,2007,39158.69922,0,Male,No
HUMANITIES,2012,33396.01086,0,Female,Yes
BUSINESS,2007,42485.96056,0,Male,No
STEM,2006,57786.93622,0,Female,No
BUSINESS,2011,51864.48405,0,Male,No
HUMANITIES,2006,52149.20955,0,Male,Yes
STEM,2007,34013.80532,0,Male,No
HUMANITIES,2008,38532.06623,1,Female,Yes
HUMANITIES,2005,26322.92695,0,Female,No
STEM,2005,46771.28183,0,Female,No
HUMANITIES,2005,52538.30294,0,Female,No
HUMANITIES,2010,43011.60853,0,Male,Yes
STEM,2010,47200.17624,0,Male,No
STEM,2013,26827.81667,0,Female,No
STEM,2012,44266.76073,1,Male,No
STEM,2005,28809.37352,0,Female,No
STEM,2013,33820.85079,0,Female,No
STEM,2014,35564.52364,1,Male,No
STEM,2013,40538.97673,0,Male,No
STEM,2012,39275.65411,0,Male,No
STEM,2009,38445.67873,0,Male,No
HUMANITIES,2011,24648.3093,0,Female,Yes
STEM,2005,30422.6394,1,Male,No
BUSINESS,2014,22631.61627,1,Female,No
HUMANITIES,2010,45714.11783,0,Male,Yes
STEM,2012,50390.98907,0,Female,No
HUMANITIES,2013,36909.89709,1,Male,No
STEM,2011,36873.49367,0,Male,No
BUSINESS,2013,33773.45558,0,Female,No
STEM,2013,27134.98352,1,Female,No
STEM,2008,40621.68602,0,Male,No
STEM,2014,34315.51883,0,Male,No
HUMANITIES,2013,44945.94711,0,Male,Yes
BUSINESS,2007,45875.03425,0,Female,No
HUMANITIES,2012,25687.95979,0,Female,Yes
HUMANITIES,2005,30956.53675,0,Male,No
HUMANITIES,2012,32623.57359,0,Female,Yes
STEM,2013,31280.42132,0,Male,No
HUMANITIES,2005,39469.18686,0,Male,Yes
STEM,2008,37132.8202,0,Female,No
BUSINESS,2009,47055.83509,0,Female,No
BUSINESS,2005,44270.27023,0,Female,No
HUMANITIES,2010,39578.6508,0,Female,Yes
HUMANITIES,2009,25473.2255,0,Female,No
STEM,2013,46954.6138,0,Male,No
BUSINESS,2012,36944.00502,0,Male,No
BUSINESS,2009,44437.52629,1,Female,No
STEM,2009,34442.43016,0,Male,No
BUSINESS,2005,39674.75372,1,Female,No
HUMANITIES,2008,38201.4052,0,Male,No
BUSINESS,2010,48462.58604,0,Female,No
STEM,2013,42070.9713,0,Male,No
HUMANITIES,2012,35044.65352,0,Female,Yes
STEM,2005,35817.64489,0,Male,No
HUMANITIES,2008,42243.57162,0,Female,Yes
BUSINESS,2013,40228.56269,0,Female,Yes
HUMANITIES,2007,48937.01659,1,Male,No
STEM,2009,33607.15587,1,Male,No
BUSINESS,2006,51724.10273,0,Male,No
BUSINESS,2005,42676.6705,0,Female,No
STEM,2006,38997.43274,0,Female,No
HUMANITIES,2005,28168.00578,0,Female,No
HUMANITIES,2007,48112.9795,0,Female,Yes
BUSINESS,2014,43967.98467,0,Male,No
HUMANITIES,2005,54301.76624,0,Female,No
STEM,2012,39323.31351,0,Male,No
STEM,2005,38807.08883,0,Male,No
BUSINESS,2013,40249.23067,1,Female,No
BUSINESS,2010,43530.51321,0,Female,No
STEM,2014,38490.55088,0,Male,No
HUMANITIES,2009,39850.24174,0,Female,No
BUSINESS,2009,42147.60586,0,Female,No
BUSINESS,2006,37280.18355,0,Female,No
STEM,2010,36287.4567,0,Male,No
BUSINESS,2013,36618.72213,0,Female,No
STEM,2010,46396.69273,0,Male,No
BUSINESS,2013,37117.86525,0,Female,No
HUMANITIES,2012,42809.28667,1,Female,Yes
HUMANITIES,2005,34366.50647,0,Female,No
HUMANITIES,2006,40285.73538,1,Female,Yes
BUSINESS,2011,34818.84364,0,Male,No
HUMANITIES,2009,30981.03818,0,Male,No
HUMANITIES,2013,39828.8913,0,Male,Yes
STEM,2006,37143.78232,0,Male,No
HUMANITIES,2013,35370.29196,0,Female,Yes
STEM,2014,38650.34157,0,Male,No
BUSINESS,2005,36861.08031,1,Male,Yes
HUMANITIES,2005,43047.66887,0,Male,No
HUMANITIES,2011,42145.22336,0,Male,No
HUMANITIES,2005,46212.50743,0,Male,No
STEM,2006,39407.82371,0,Male,No
STEM,2014,46106.47686,0,Male,No
BUSINESS,2011,44909.49011,0,Female,No
BUSINESS,2013,23280.39321,0,Male,No
STEM,2012,36792.43379,0,Female,No
STEM,2009,45701.9751,1,Male,No
STEM,2013,42353.66204,0,Male,No
HUMANITIES,2011,38836.47257,0,Female,Yes
STEM,2014,37933.42935,1,Male,No
STEM,2006,38249.566,0,Male,No
STEM,2006,37349.99697,1,Male,No
STEM,2007,41919.01012,0,Male,No
HUMANITIES,2013,36019.74397,0,Female,Yes
HUMANITIES,2009,40490.08555,0,Female,No
STEM,2013,47285.90277,0,Male,No
STEM,2007,31294.93926,1,Male,No
STEM,2007,46671.11755,0,Male,No
STEM,2005,43914.32779,0,Male,No
BUSINESS,2012,45886.17977,1,Male,No
STEM,2007,37924.96302,0,Male,No
BUSINESS,2011,30970.38884,0,Female,No
BUSINESS,2011,37793.10612,1,Male,No
BUSINESS,2005,44159.41966,0,Female,No
STEM,2008,32346.58777,1,Male,No
STEM,2012,39302.61187,0,Female,No
HUMANITIES,2006,41226.01959,1,Female,Yes
BUSINESS,2008,35488.34182,0,Male,No
STEM,2009,33159.40775,0,Male,No
STEM,2011,37887.05306,0,Male,No
STEM,2010,43899.87428,0,Female,No
BUSINESS,2009,45816.6417,0,Female,No
BUSINESS,2014,35050.49804,1,Female,Yes
HUMANITIES,2005,50639.9816,0,Female,No
HUMANITIES,2014,49872.94472,0,Male,Yes
BUSINESS,2011,32391.08404,0,Female,Yes
HUMANITIES,2009,42076.6499,0,Male,No
BUSINESS,2009,41605.45652,0,Male,No
BUSINESS,2011,41814.45054,0,Male,No
STEM,2010,36942.57408,0,Male,No
BUSINESS,2005,34791.08801,0,Female,Yes
HUMANITIES,2013,33794.36532,0,Female,Yes
STEM,2010,35879.9136,0,Male,No
HUMANITIES,2005,40294.59749,0,Male,No
STEM,2005,34717.08898,1,Male,No
HUMANITIES,2013,41607.72597,0,Male,Yes
STEM,2014,44769.5776,0,Male,No
BUSINESS,2007,54821.2025,1,Male,No
BUSINESS,2009,35578.03447,0,Male,No
STEM,2014,35422.91692,0,Male,No
STEM,2014,37529.40068,0,Male,No
HUMANITIES,2014,46318.32991,0,Female,Yes
STEM,2014,45838.54368,0,Male,No
STEM,2014,55044.39997,0,Male,No
STEM,2005,38254.51963,0,Male,No
STEM,2013,40735.46979,0,Female,No
STEM,2014,31625.95351,0,Male,No
BUSINESS,2005,43795.18528,0,Male,Yes
STEM,2012,37956.77411,0,Female,No
HUMANITIES,2010,31480.21487,0,Female,Yes
STEM,2009,33436.7491,0,Female,No
STEM,2008,39026.7602,1,Male,No
STEM,2014,40569.09201,0,Male,No
STEM,2006,44888.08955,0,Male,No
HUMANITIES,2008,39171.39693,0,Male,No
STEM,2014,44337.13749,0,Male,No
STEM,2011,39017.47716,0,Male,No
STEM,2010,24757.73349,1,Male,No
STEM,2014,37450.88956,1,Female,No
HUMANITIES,2006,17771.56455,0,Female,No
BUSINESS,2013,32193.83647,0,Female,Yes
STEM,2007,43643.54378,0,Male,No
STEM,2006,39795.76707,0,Female,No
HUMANITIES,2009,39896.93358,0,Female,Yes
STEM,2012,46621.44794,1,Male,No
HUMANITIES,2014,36922.20588,0,Female,Yes
BUSINESS,2013,41527.33529,0,Male,No
BUSINESS,2009,37696.32826,0,Male,No
STEM,2012,39693.81926,1,Male,No
HUMANITIES,2008,47952.38495,1,Female,No
HUMANITIES,2011,40830.90493,1,Female,Yes
STEM,2012,31280.59332,1,Male,No
STEM,2011,29416.57743,0,Female,No
STEM,2007,48138.75106,0,Male,No
HUMANITIES,2005,35751.14526,0,Female,Yes
STEM,2012,45326.34752,0,Female,No
HUMANITIES,2011,33910.76578,1,Female,Yes
STEM,2005,33463.4202,0,Male,No
HUMANITIES,2013,29686.60152,0,Male,Yes
HUMANITIES,2008,34493.72926,0,Male,No
STEM,2010,32794.38673,0,Female,No
BUSINESS,2012,37700.03875,0,Male,No
HUMANITIES,2006,46567.51546,0,Female,Yes
STEM,2006,32782.85567,0,Male,No
STEM,2012,47081.40151,0,Male,No
HUMANITIES,2005,30755.46369,0,Male,No
STEM,2012,28007.00883,0,Male,No
STEM,2010,41295.93039,0,Male,No
HUMANITIES,2006,43101.88967,0,Male,No
STEM,2005,39789.76974,0,Male,No
STEM,2009,49714.59005,1,Male,No
STEM,2009,43547.65036,0,Male,No
STEM,2008,34326.06017,0,Male,No
HUMANITIES,2012,55200.74539,0,Male,Yes
STEM,2007,35858.44784,0,Male,No
STEM,2008,44397.92535,0,Male,No
HUMANITIES,2011,41321.85408,0,Female,Yes
HUMANITIES,2006,47408.16536,0,Female,No
BUSINESS,2014,36896.04577,0,Female,No
STEM,2014,33452.13697,1,Female,No
STEM,2011,46135.55346,0,Male,No
HUMANITIES,2012,39967.37507,0,Female,Yes
STEM,2007,33429.13776,0,Male,No
STEM,2009,50529.12748,0,Male,No
BUSINESS,2014,44237.95814,0,Female,No
STEM,2007,32730.72545,0,Female,No
STEM,2006,44975.79704,0,Male,No
HUMANITIES,2014,35352.04102,0,Female,Yes
STEM,2009,46169.39865,0,Male,No
HUMANITIES,2005,32576.54165,0,Male,No
HUMANITIES,2006,50596.45633,0,Male,No
STEM,2012,40704.78787,0,Male,No
HUMANITIES,2014,32997.35727,0,Female,No
STEM,2005,54092.58019,0,Female,No
STEM,2014,44499.38317,0,Male,No
STEM,2011,27007.60502,0,Male,No
STEM,2010,36948.58207,0,Female,No
HUMANITIES,2010,33538.69856,0,Female,No
STEM,2006,45185.98247,0,Male,No
STEM,2010,48341.9816,1,Male,No
HUMANITIES,2013,45327.93528,0,Female,Yes
STEM,2012,30709.1527,0,Female,No
BUSINESS,2008,42294.3592,0,Female,No
STEM,2008,29694.2988,0,Male,No
BUSINESS,2012,29022.82073,0,Female,No
HUMANITIES,2006,38161.88005,1,Male,No
HUMANITIES,2011,41426.0718,1,Male,No
STEM,2009,34688.533,0,Female,No
HUMANITIES,2014,24376.94768,0,Male,Yes
BUSINESS,2007,44219.4336,0,Female,No
STEM,2008,24562.32912,0,Male,No
STEM,2013,40566.1591,0,Male,No
STEM,2010,37004.04281,1,Male,No
STEM,2013,35393.12698,1,Male,No
STEM,2011,40261.4056,0,Male,No
BUSINESS,2014,42101.35916,0,Male,No
BUSINESS,2008,44507.62317,0,Female,No
STEM,2009,44446.88775,0,Female,No
HUMANITIES,2013,37603.42767,0,Female,Yes
STEM,2005,54476.23208,0,Male,No
HUMANITIES,2007,47441.06706,0,Female,Yes
STEM,2013,32786.21666,1,Male,No
STEM,2009,33847.23643,1,Male,No
STEM,2007,33405.50678,1,Male,No
HUMANITIES,2013,34074.98003,0,Female,Yes
STEM,2011,46291.11634,0,Female,No
HUMANITIES,2011,43135.97172,0,Female,Yes
HUMANITIES,2007,33305.85135,0,Female,No
STEM,2010,44783.08971,0,Male,No
STEM,2008,34475.06491,0,Male,No
STEM,2009,44304.867,1,Male,No
STEM,2005,54342.31463,0,Female,No
STEM,2005,42660.63381,0,Male,No
BUSINESS,2006,42003.20996,0,Female,No
HUMANITIES,2010,54565.52122,1,Male,Yes
STEM,2014,47957.24409,0,Male,No
HUMANITIES,2013,27075.63313,0,Male,Yes
STEM,2010,43152.39656,0,Female,No
HUMANITIES,2006,41117.75856,1,Female,No
BUSINESS,2007,36577.50641,0,Female,No
STEM,2014,27191.27141,0,Female,No
STEM,2014,45354.72791,0,Male,No
STEM,2010,35397.25046,1,Male,No
STEM,2010,48471.95643,1,Male,No
STEM,2006,43618.27359,0,Male,No
STEM,2006,36588.813,1,Male,No
STEM,2011,38667.99686,1,Male,No
HUMANITIES,2014,38903.60227,0,Female,Yes
HUMANITIES,2011,43127.79721,0,Male,Yes
STEM,2010,47032.29902,0,Female,Yes
HUMANITIES,2006,43156.1769,0,Female,No
STEM,2008,43328.3733,0,Male,No
BUSINESS,2009,28682.42488,0,Male,No
HUMANITIES,2006,45604.64234,0,Male,No
BUSINESS,2008,56306.12468,0,Male,No
HUMANITIES,2013,39473.83553,0,Female,Yes
STEM,2012,42598.23635,0,Male,No
HUMANITIES,2012,40848.11068,0,Male,No
STEM,2010,40239.85295,0,Female,No
HUMANITIES,2005,44123.53442,0,Female,No
STEM,2011,33484.33917,1,Male,No
HUMANITIES,2014,37577.46632,0,Female,Yes
BUSINESS,2010,39035.69512,0,Female,No
STEM,2013,37085.24752,0,Male,No
BUSINESS,2010,28279.64088,0,Female,Yes
STEM,2009,40397.17261,0,Female,No
STEM,2014,42456.61556,0,Male,No
STEM,2012,41324.79989,0,Male,No
BUSINESS,2013,33382.52787,0,Male,No
BUSINESS,2009,49959.12455,0,Male,No
STEM,2007,48215.95495,0,Female,No
STEM,2005,35955.1113,0,Female,No
STEM,2009,40937.25784,0,Male,No
HUMANITIES,2010,27309.76794,0,Male,No
STEM,2005,35739.45528,0,Male,No
STEM,2012,47725.8251,0,Male,No
HUMANITIES,2013,35403.97256,1,Female,Yes
HUMANITIES,2009,58587.76158,0,Female,Yes
HUMANITIES,2008,29190.92802,0,Female,Yes
STEM,2006,47959.04701,1,Female,No
BUSINESS,2014,36947.868,0,Female,Yes
STEM,2009,34257.52157,0,Male,No
BUSINESS,2009,31914.15395,1,Male,No
BUSINESS,2014,33243.83912,1,Female,No
BUSINESS,2013,36981.67548,1,Male,No
HUMANITIES,2008,42655.1455,0,Male,No
STEM,2009,37381.74156,0,Female,No
BUSINESS,2014,50912.93817,0,Female,No
STEM,2011,43510.96148,1,Female,No
STEM,2006,34721.32109,1,Male,No
HUMANITIES,2009,34900.33723,0,Female,No
HUMANITIES,2012,34185.94778,0,Male,Yes
HUMANITIES,2012,39520.23296,0,Female,Yes
STEM,2008,37496.94976,1,Male,No
STEM,2009,46494.66325,0,Male,No
HUMANITIES,2010,38647.89022,1,Male,Yes
STEM,2011,51501.08849,0,Male,No
STEM,2011,39504.42265,0,Male,No
STEM,2007,40122.00392,0,Male,No
STEM,2011,43851.79898,0,Male,No
STEM,2012,37187.22859,0,Male,No
BUSINESS,2010,17026.38228,0,Male,No
STEM,2012,32513.70673,1,Male,No
BUSINESS,2014,26495.55155,0,Female,No
HUMANITIES,2009,37389.22207,0,Female,No
STEM,2012,32097.11321,0,Male,No
STEM,2008,24672.34682,0,Male,No
STEM,2007,34427.59787,0,Male,No
HUMANITIES,2010,34390.95068,0,Female,Yes
STEM,2008,54012.3551,0,Male,No
BUSINESS,2014,40605.60288,0,Male,No
HUMANITIES,2009,48574.397,0,Male,No
BUSINESS,2008,42771.68119,0,Male,No
STEM,2012,34672.64308,0,Male,No
HUMANITIES,2006,41157.89982,0,Female,Yes
HUMANITIES,2009,39785.60806,0,Male,No
STEM,2012,35826.61613,0,Male,No
HUMANITIES,2013,34477.68772,1,Female,Yes
HUMANITIES,2006,36698.51429,0,Female,No
BUSINESS,2009,40520.42043,0,Male,No
HUMANITIES,2010,40119.02145,1,Male,Yes
STEM,2008,35290.3147,0,Male,No
HUMANITIES,2010,48105.88708,0,Female,Yes
STEM,2007,28545.61595,0,Male,No
HUMANITIES,2009,53420.48283,0,Female,Yes
BUSINESS,2014,48330.8438,0,Male,No
HUMANITIES,2010,40031.62993,0,Female,Yes
HUMANITIES,2012,33194.75468,0,Female,Yes
HUMANITIES,2011,30804.31939,1,Male,Yes
STEM,2014,31546.0023,0,Female,No
STEM,2010,34338.33145,1,Female,No
STEM,2012,36663.63954,0,Male,No
STEM,2013,33549.56488,1,Male,No
STEM,2013,38664.99744,0,Male,No
STEM,2011,35708.30897,0,Female,No
STEM,2010,32565.88387,0,Male,No
STEM,2007,50243.92511,0,Male,No
STEM,2009,37250.09499,0,Male,No
STEM,2006,40284.40257,0,Male,No
STEM,2007,38325.91514,0,Male,No
HUMANITIES,2008,42728.04439,1,Female,No
STEM,2010,27837.85427,0,Male,No
BUSINESS,2012,39499.51247,0,Female,Yes
STEM,2009,38031.79502,0,Male,No
HUMANITIES,2011,60908.49682,0,Female,Yes
STEM,2011,32523.40121,0,Male,No
STEM,2006,44661.36648,0,Female,No
STEM,2010,33694.44539,0,Male,No
HUMANITIES,2007,41349.03717,0,Female,No
STEM,2013,35839.24751,0,Male,No
STEM,2011,59176.85757,1,Male,No
STEM,2010,39420.85476,0,Male,No
HUMANITIES,2005,40140.55399,0,Female,No
STEM,2008,30986.62667,1,Male,No
BUSINESS,2008,49433.87817,0,Female,No
BUSINESS,2009,50927.66587,0,Male,No
STEM,2012,31519.86308,0,Male,No
BUSINESS,2008,38736.47694,0,Male,No
BUSINESS,2007,47920.61438,0,Male,No
STEM,2008,37775.91269,1,Male,No
STEM,2012,28922.81751,0,Male,No
BUSINESS,2006,52420.24144,0,Male,No
STEM,2007,36503.4505,0,Male,No
BUSINESS,2013,39453.29861,0,Female,No
BUSINESS,2012,37677.46246,1,Female,Yes
BUSINESS,2009,29723.65686,0,Female,No
BUSINESS,2006,38453.40246,1,Female,No
HUMANITIES,2013,45104.5691,0,Female,Yes
HUMANITIES,2011,39531.43848,0,Male,Yes
HUMANITIES,2012,50911.00633,0,Female,Yes
STEM,2010,39259.29815,0,Male,No
HUMANITIES,2007,46630.17138,0,Female,No
HUMANITIES,2007,28837.39812,0,Female,No
BUSINESS,2009,38835.29461,0,Male,No
STEM,2007,39246.67638,1,Male,No
STEM,2005,42258.20727,1,Male,No
STEM,2013,45881.87287,0,Female,No
BUSINESS,2013,44207.26791,0,Female,Yes
HUMANITIES,2009,44524.56002,0,Male,No
BUSINESS,2008,37137.59345,0,Male,No
STEM,2010,39062.29709,0,Female,No
STEM,2010,56034.50778,0,Male,No
BUSINESS,2008,48971.708,0,Male,No
HUMANITIES,2007,39710.44538,0,Male,Yes
HUMANITIES,2006,33413.24778,0,Female,No
STEM,2008,46016.38231,1,Male,No
HUMANITIES,2008,38506.6672,0,Male,No
STEM,2011,44660.5973,0,Female,No
HUMANITIES,2010,33589.54124,0,Female,Yes
HUMANITIES,2011,53178.09652,1,Female,Yes
STEM,2012,41178.19199,0,Male,No
STEM,2007,41263.75187,0,Male,No
STEM,2005,33873.40337,0,Male,No
STEM,2008,32580.93077,1,Male,No
HUMANITIES,2014,34606.50936,0,Female,Yes
HUMANITIES,2008,50921.68369,1,Male,Yes
BUSINESS,2009,43533.88538,0,Male,No
BUSINESS,2010,34969.31018,0,Male,No
BUSINESS,2014,43436.9955,0,Female,No
STEM,2009,29634.75761,0,Female,No
STEM,2006,43047.94262,0,Male,No
STEM,2010,42680.60439,0,Female,No
STEM,2011,44312.7482,0,Male,No
HUMANITIES,2011,32156.67472,1,Female,Yes
HUMANITIES,2009,40795.80249,0,Female,No
STEM,2014,29782.60606,0,Male,No
STEM,2011,43521.42698,1,Male,No
HUMANITIES,2013,40641.04347,1,Female,Yes
HUMANITIES,2012,34610.80811,0,Female,Yes
HUMANITIES,2010,36402.25266,0,Female,Yes
HUMANITIES,2012,41118.27756,0,Female,Yes
BUSINESS,2005,32396.36875,0,Male,No
STEM,2011,58954.18177,0,Male,No
STEM,2009,31604.10595,0,Male,No
BUSINESS,2008,35218.86847,0,Female,No
STEM,2008,46066.85442,0,Female,No
STEM,2013,36979.49217,0,Female,No
STEM,2010,46099.98984,0,Male,No
HUMANITIES,2013,38389.84055,0,Female,Yes
HUMANITIES,2007,49952.19973,0,Female,No
STEM,2005,39335.16305,0,Male,No
BUSINESS,2010,41420.21702,0,Male,No
BUSINESS,2010,35045.13466,0,Male,No
STEM,2012,39256.63516,0,Female,No
STEM,2014,35878.03798,0,Male,No
STEM,2007,48083.18729,0,Female,No
STEM,2007,46454.6234,0,Male,No
STEM,2009,41496.65686,0,Female,No
HUMANITIES,2011,37915.17398,1,Female,Yes
BUSINESS,2005,32695.20446,1,Male,No
STEM,2007,41635.05866,0,Male,No
BUSINESS,2014,36656.5571,0,Male,No
BUSINESS,2009,36593.7772,0,Male,No
BUSINESS,2009,32144.65134,0,Female,No
HUMANITIES,2013,21182.2378,1,Female,Yes
STEM,2011,33803.91029,0,Female,No
STEM,2014,36823.46341,0,Male,No
BUSINESS,2005,34215.41802,0,Male,No
STEM,2006,37505.88479,0,Male,No
STEM,2008,54568.71827,0,Male,No
BUSINESS,2014,37338.3701,0,Male,No
STEM,2010,37718.22302,0,Male,Yes
BUSINESS,2013,46974.79655,0,Male,Yes
STEM,2014,40850.92335,0,Female,No
HUMANITIES,2013,41374.53041,0,Male,Yes
HUMANITIES,2008,33376.82437,0,Female,Yes
STEM,2012,50991.56769,0,Male,No
HUMANITIES,2012,44818.08828,1,Female,Yes
STEM,2014,39250.88481,0,Male,No
STEM,2010,38905.39377,1,Male,No
STEM,2010,37065.54061,0,Female,No
STEM,2005,38779.86995,0,Male,No
STEM,2005,32672.73544,0,Male,No
HUMANITIES,2012,37240.55771,0,Female,Yes
STEM,2013,47412.19858,0,Male,No
STEM,2014,47959.61474,0,Male,No
STEM,2009,27234.49363,1,Female,No
STEM,2010,43750.6742,0,Male,No
STEM,2006,41018.28719,0,Male,No
STEM,2012,32910.69325,1,Male,No
HUMANITIES,2012,27740.65543,1,Female,Yes
STEM,2006,38991.13393,0,Male,No
HUMANITIES,2014,39477.74062,0,Female,Yes
STEM,2006,37869.34242,0,Female,No
STEM,2013,33763.58225,0,Female,No
HUMANITIES,2012,39731.90786,0,Female,Yes
BUSINESS,2014,43939.83911,0,Male,No
BUSINESS,2013,41771.15338,0,Female,No
STEM,2006,35632.83828,0,Male,No
STEM,2006,35880.60751,0,Male,No
BUSINESS,2005,31679.29236,0,Female,No
STEM,2007,48325.10664,0,Male,No
STEM,2009,33751.15545,1,Male,No
HUMANITIES,2008,31499.05415,0,Female,No
BUSINESS,2007,51948.17813,0,Male,No
STEM,2005,45197.52828,1,Male,No
STEM,2005,49507.21357,0,Male,No
STEM,2011,38631.16209,0,Male,No
HUMANITIES,2007,36578.34388,1,Female,No
STEM,2011,44089.19544,0,Male,No
BUSINESS,2012,39444.91574,0,Male,No
BUSINESS,2007,37354.56394,1,Female,No
HUMANITIES,2007,42482.6686,0,Male,No
HUMANITIES,2010,43599.59386,1,Male,Yes
HUMANITIES,2014,37125.73902,0,Male,Yes
STEM,2006,41133.39691,0,Male,No
STEM,2011,46951.97471,1,Male,No
BUSINESS,2008,45207.69717,0,Male,No
HUMANITIES,2010,33159.84535,1,Male,Yes
STEM,2008,30626.1057,0,Male,No
HUMANITIES,2010,47683.67172,0,Female,Yes
BUSINESS,2012,40827.89802,0,Male,No
HUMANITIES,2012,50209.13761,1,Female,Yes
STEM,2008,36203.94389,0,Male,No
BUSINESS,2009,30363.79533,0,Male,No
STEM,2012,45856.86163,1,Male,No
STEM,2011,51309.01752,0,Male,No
STEM,2009,42378.42264,0,Male,No
STEM,2013,28818.21392,0,Male,No
HUMANITIES,2011,31710.04365,0,Female,No
STEM,2009,45005.27273,1,Male,No
HUMANITIES,2005,38099.06358,1,Female,Yes
STEM,2011,45862.42483,0,Male,No
HUMANITIES,2006,45973.88208,1,Female,Yes
STEM,2009,39697.50374,0,Female,No
BUSINESS,2012,32766.1415,0,Male,No
HUMANITIES,2014,38046.41804,0,Female,No
STEM,2009,40310.11808,0,Male,No
STEM,2011,56923.7796,1,Male,No
STEM,2014,48565.84687,0,Male,No
BUSINESS,2007,27763.27912,0,Male,Yes
HUMANITIES,2008,45240.67377,1,Female,Yes
STEM,2008,42135.96932,0,Male,No
STEM,2013,38326.39419,0,Male,No
HUMANITIES,2005,46295.06673,1,Male,Yes
BUSINESS,2005,49232.19968,0,Male,No
HUMANITIES,2005,41196.36603,0,Male,No
STEM,2013,30700.03685,0,Male,No
STEM,2009,41127.09507,0,Female,No
BUSINESS,2009,35214.27812,1,Female,Yes
HUMANITIES,2005,44089.8924,0,Female,No
HUMANITIES,2009,43715.41469,1,Female,Yes
STEM,2009,37989.85839,0,Male,No
STEM,2010,36948.73588,0,Male,No
BUSINESS,2012,34689.43247,0,Female,Yes
HUMANITIES,2011,39867.43031,0,Male,Yes
HUMANITIES,2013,35849.2857,0,Female,Yes
HUMANITIES,2005,38214.28306,1,Male,No
STEM,2011,39031.06267,0,Male,No
STEM,2013,24765.18814,0,Male,No
STEM,2014,36396.36386,0,Female,No
BUSINESS,2009,45763.98522,0,Male,No
STEM,2007,37781.08647,0,Male,No
HUMANITIES,2010,46610.47113,0,Female,Yes
STEM,2012,33804.18035,0,Male,No
BUSINESS,2012,30538.30763,0,Male,No
BUSINESS,2007,42684.50852,0,Male,No
BUSINESS,2008,42344.00127,0,Male,Yes
HUMANITIES,2013,38234.20271,1,Female,No
STEM,2010,47862.8235,0,Female,No
BUSINESS,2006,37652.5828,0,Male,No
STEM,2010,33181.52004,0,Male,No
HUMANITIES,2007,45365.4022,0,Female,Yes
HUMANITIES,2005,41950.94756,1,Female,No
STEM,2010,46807.68591,0,Male,No
STEM,2012,43918.94364,1,Female,No
STEM,2012,43842.11386,0,Male,No
STEM,2012,55462.18739,0,Female,No
HUMANITIES,2014,42002.51244,0,Male,No
STEM,2009,45774.87505,0,Female,No
STEM,2009,34367.89941,1,Male,No
BUSINESS,2007,30351.55722,1,Male,No
HUMANITIES,2005,39408.15174,0,Female,No
STEM,2011,52338.93723,0,Male,No
HUMANITIES,2007,29545.37442,0,Male,Yes
HUMANITIES,2011,33037.04911,1,Male,Yes
BUSINESS,2005,43074.08716,0,Male,No
HUMANITIES,2008,33724.94418,0,Male,No
BUSINESS,2014,44459.53826,0,Male,No
HUMANITIES,2012,31979.28959,0,Female,No
STEM,2010,38958.43391,1,Male,No
STEM,2014,44248.96076,0,Male,No
BUSINESS,2011,46073.97899,0,Female,Yes
HUMANITIES,2009,34229.62884,0,Male,No
BUSINESS,2010,39543.32141,0,Female,No
HUMANITIES,2006,41321.99215,0,Male,Yes
HUMANITIES,2010,42563.53286,0,Female,Yes
HUMANITIES,2013,34929.88433,0,Female,Yes
HUMANITIES,2010,37574.3261,0,Female,Yes
HUMANITIES,2012,32026.42355,1,Female,Yes
STEM,2006,36987.70828,1,Male,No
BUSINESS,2012,35337.06918,0,Male,No
BUSINESS,2013,37949.65008,1,Female,No
STEM,2012,43511.02007,1,Male,No
STEM,2013,49816.33598,0,Male,No
STEM,2007,39263.30183,0,Female,No
HUMANITIES,2010,36506.41541,0,Female,Yes
STEM,2006,48295.06876,0,Male,No
STEM,2010,42192.44779,0,Male,No
STEM,2011,42947.53042,0,Male,No
STEM,2008,40821.9656,0,Female,No
HUMANITIES,2007,37101.5024,0,Female,No
HUMANITIES,2012,36393.81169,0,Male,Yes
STEM,2007,57310.37789,0,Male,No
HUMANITIES,2007,21380.02904,0,Male,No
STEM,2009,28464.98106,1,Male,No
STEM,2006,43702.75575,0,Male,No
STEM,2005,44701.83546,0,Male,No
HUMANITIES,2008,50924.6356,0,Male,No
STEM,2011,36541.98542,0,Male,No
STEM,2007,30960.03503,0,Male,No
BUSINESS,2014,37811.60001,0,Male,Yes
STEM,2006,44302.06761,0,Male,No
HUMANITIES,2006,33424.25283,0,Female,No
STEM,2006,54857.44646,0,Male,No
STEM,2011,52827.12574,0,Male,No
BUSINESS,2006,42700.36974,0,Female,No
STEM,2014,40906.72975,1,Female,No
HUMANITIES,2014,27994.90777,0,Female,Yes
BUSINESS,2008,43723.32897,0,Female,No
BUSINESS,2011,46293.60023,0,Male,Yes
STEM,2009,34418.17414,0,Female,No
HUMANITIES,2009,30557.53873,1,Male,No
STEM,2011,48886.4163,0,Male,No
HUMANITIES,2010,42796.15798,0,Female,Yes
BUSINESS,2005,38597.96005,0,Male,No
STEM,2006,31443.33845,0,Male,No
STEM,2014,27077.13197,0,Male,No
HUMANITIES,2008,43941.30279,1,Female,No
BUSINESS,2008,48485.5576,0,Male,No
BUSINESS,2013,44238.81416,0,Female,Yes
STEM,2009,33139.26747,0,Male,No
HUMANITIES,2014,44765.43629,0,Female,Yes
STEM,2013,50452.93516,0,Female,No
STEM,2010,36062.28158,0,Male,No
STEM,2008,35196.43418,0,Female,No
BUSINESS,2009,44229.10387,1,Male,No
STEM,2008,47622.72483,0,Female,No
STEM,2014,44646.8901,1,Male,No
STEM,2009,54394.86964,1,Male,No
BUSINESS,2012,39395.10377,0,Male,Yes
STEM,2008,30111.4964,1,Male,No
HUMANITIES,2013,34518.61924,0,Male,Yes
HUMANITIES,2012,44137.66611,0,Female,Yes
HUMANITIES,2011,43753.91426,1,Female,Yes
STEM,2014,46111.22645,0,Male,No
STEM,2014,49774.41785,1,Male,No
STEM,2007,31318.49926,0,Female,No
STEM,2008,33176.71745,1,Female,No
STEM,2013,34873.02744,0,Male,No
HUMANITIES,2013,51089.30217,1,Female,Yes
STEM,2009,51596.00596,0,Male,No
BUSINESS,2008,36610.79468,1,Female,No
BUSINESS,2009,26628.45359,0,Male,No
STEM,2013,45269.46957,1,Male,No
HUMANITIES,2006,36680.20175,0,Female,No
BUSINESS,2014,39716.44151,1,Male,No
STEM,2013,51536.63152,0,Female,No
STEM,2014,34199.74442,0,Male,No
HUMANITIES,2011,34795.87502,0,Male,Yes
STEM,2005,49319.07294,0,Male,No
STEM,2008,44225.52194,0,Female,No
STEM,2011,35457.32945,0,Male,No
STEM,2011,42105.49866,0,Female,No
STEM,2007,41021.16134,0,Female,No
BUSINESS,2010,51446.47561,0,Male,No
HUMANITIES,2006,36851.04324,0,Male,No
STEM,2008,34753.40839,1,Male,No
HUMANITIES,2005,26042.19425,0,Female,No
HUMANITIES,2007,47106.95099,1,Female,No
STEM,2008,41335.38214,0,Female,No
STEM,2010,48559.52816,0,Male,No
BUSINESS,2008,60458.97501,1,Male,No
STEM,2008,38480.9451,0,Male,No
BUSINESS,2014,39431.7847,0,Male,No
HUMANITIES,2011,40266.28434,0,Female,Yes
HUMANITIES,2012,43403.1295,0,Female,Yes
STEM,2009,40992.92708,0,Male,No
BUSINESS,2006,39809.36665,0,Male,No
STEM,2005,36179.79793,1,Male,No
STEM,2013,39076.45131,0,Male,No
STEM,2007,41155.13281,0,Female,No
HUMANITIES,2011,40106.91572,0,Male,Yes
HUMANITIES,2012,40401.55734,1,Female,Yes
BUSINESS,2008,46150.67711,0,Female,No
STEM,2008,36850.79137,0,Female,No
HUMANITIES,2008,40503.99246,0,Male,No
BUSINESS,2013,30756.75288,1,Female,Yes
STEM,2008,43983.36601,0,Female,No
STEM,2013,31363.06999,0,Male,No
BUSINESS,2010,51069.12448,1,Male,Yes
STEM,2007,30416.85107,0,Female,No
STEM,2011,32995.61691,0,Male,No
STEM,2012,35945.02587,0,Male,No
HUMANITIES,2006,37889.42792,0,Male,No
STEM,2010,43692.98291,1,Male,No
STEM,2010,36206.41034,1,Female,No
HUMANITIES,2011,36453.63828,0,Female,Yes
HUMANITIES,2011,44429.58384,0,Male,Yes
BUSINESS,2014,45635.86031,0,Male,Yes
STEM,2012,35245.00957,0,Male,No
HUMANITIES,2013,44930.36629,0,Male,Yes
HUMANITIES,2006,50290.89945,1,Female,Yes
STEM,2008,43118.28616,0,Female,No
STEM,2013,39487.75172,0,Male,No
HUMANITIES,2005,48091.86996,0,Male,No
STEM,2009,41193.31835,0,Male,No
HUMANITIES,2007,40680.9033,0,Male,Yes
BUSINESS,2007,40837.29923,0,Female,No
HUMANITIES,2009,36831.49376,0,Male,No
BUSINESS,2009,35670.03817,1,Male,No
STEM,2008,33181.58766,0,Male,No
STEM,2007,43742.81394,0,Male,No
STEM,2006,55913.24185,0,Male,No
STEM,2014,33778.71536,0,Male,No
HUMANITIES,2014,37102.94186,0,Female,Yes
STEM,2008,38444.51858,0,Female,No
STEM,2005,39084.12969,0,Female,No
HUMANITIES,2006,21790.11136,0,Female,No
STEM,2011,43489.41041,0,Male,No
HUMANITIES,2006,36091.78766,0,Female,No
STEM,2005,35987.19237,0,Male,No
STEM,2010,37234.36413,0,Male,No
STEM,2010,42597.87328,0,Female,No
HUMANITIES,2005,32957.03305,0,Female,Yes
STEM,2007,24583.65883,0,Male,No
HUMANITIES,2014,41740.05986,0,Female,Yes
HUMANITIES,2006,36237.52012,0,Female,No
HUMANITIES,2014,24844.87597,0,Male,No
BUSINESS,2012,34717.93448,0,Male,No
STEM,2007,39941.43074,0,Female,No
STEM,2009,36858.47175,0,Male,No
HUMANITIES,2012,31037.99086,0,Male,Yes
STEM,2008,35765.47268,0,Male,No
STEM,2011,46329.42789,0,Male,No
STEM,2007,40118.43033,0,Male,No
BUSINESS,2013,49589.76252,0,Male,No
STEM,2011,38324.05554,1,Male,No
BUSINESS,2011,41193.9416,0,Female,No
BUSINESS,2014,29868.2732,0,Male,No
BUSINESS,2009,41802.45135,0,Male,No
HUMANITIES,2014,42554.05688,1,Female,Yes
STEM,2005,35679.3062,1,Male,No
STEM,2005,52202.24328,0,Male,No
BUSINESS,2014,46572.06908,0,Female,No
STEM,2008,46465.18698,0,Male,No
STEM,2012,38909.5841,0,Male,No
HUMANITIES,2005,26032.61426,0,Female,No
STEM,2006,38870.42691,0,Male,No
STEM,2007,42118.69624,0,Male,No
STEM,2007,36053.16636,0,Male,No
HUMANITIES,2007,37564.04453,0,Male,No
BUSINESS,2008,34980.41758,1,Male,No
STEM,2007,40470.34216,0,Female,No
BUSINESS,2011,42501.10888,0,Male,No
HUMANITIES,2010,45389.00882,1,Female,Yes
BUSINESS,2008,22048.00813,0,Male,No
BUSINESS,2006,39175.11283,0,Female,No
BUSINESS,2005,35800.24663,1,Male,No
STEM,2007,41914.06086,0,Male,No
HUMANITIES,2013,43158.71247,0,Female,Yes
STEM,2010,55807.22069,1,Male,No
HUMANITIES,2013,30171.03268,0,Male,Yes
STEM,2014,27776.59627,0,Male,No
STEM,2010,26460.76337,0,Female,No
HUMANITIES,2011,39324.98298,0,Female,Yes
HUMANITIES,2005,32919.87453,0,Female,Yes
STEM,2009,52771.42429,1,Male,No
HUMANITIES,2007,44099.14096,1,Female,No
HUMANITIES,2011,42019.40297,0,Male,Yes
HUMANITIES,2008,33548.55742,0,Male,No
STEM,2010,33013.68567,0,Female,No
HUMANITIES,2005,39533.97514,0,Female,Yes
HUMANITIES,2010,49992.00412,1,Male,Yes
STEM,2005,36610.63801,1,Female,No
STEM,2006,32945.07421,1,Male,No
STEM,2006,40056.51251,0,Male,No
HUMANITIES,2005,39726.34399,0,Female,Yes
STEM,2006,40139.95474,0,Male,No
STEM,2008,48774.42541,0,Male,No
STEM,2008,39498.58637,1,Female,No
BUSINESS,2005,43666.55529,0,Male,No
BUSINESS,2011,46134.61103,0,Female,No
STEM,2010,51509.73905,1,Female,No
STEM,2014,42514.60587,0,Male,No
BUSINESS,2013,43450.07619,0,Male,No
STEM,2008,17877.32168,0,Male,No
HUMANITIES,2007,49760.76281,0,Male,Yes
BUSINESS,2008,48531.70775,1,Female,No
BUSINESS,2012,44180.91817,0,Female,Yes
STEM,2011,42129.88802,0,Male,No
STEM,2005,46335.18483,1,Male,No
HUMANITIES,2009,33328.92554,0,Female,No
STEM,2005,40651.81574,0,Male,No
STEM,2011,49086.33427,0,Male,No
STEM,2012,38758.46164,0,Male,No
STEM,2012,42474.62533,0,Male,No
HUMANITIES,2010,46821.68853,0,Female,Yes
HUMANITIES,2009,34469.63303,0,Female,No
BUSINESS,2013,31001.3305,1,Male,No
STEM,2010,38116.08587,0,Male,No
HUMANITIES,2014,37588.2097,1,Female,Yes
STEM,2009,48030.07196,0,Male,No
STEM,2013,26759.93914,0,Male,No
STEM,2009,40362.10348,0,Male,No
STEM,2010,39777.01922,0,Male,No
STEM,2011,34047.7419,0,Male,No
STEM,2007,45463.40529,1,Female,No
STEM,2005,35985.14915,0,Male,No
STEM,2014,43902.85561,0,Male,No
HUMANITIES,2007,37611.78991,0,Female,Yes
STEM,2008,36014.93056,0,Male,No
STEM,2006,52255.69225,0,Male,No
STEM,2007,38164.00462,0,Male,No
STEM,2006,40723.18344,0,Male,No
STEM,2010,36296.98468,1,Male,No
BUSINESS,2011,33322.73915,0,Female,No
HUMANITIES,2013,45609.76575,0,Female,Yes
STEM,2008,50596.31467,1,Male,No
HUMANITIES,2005,43625.25141,0,Female,No
STEM,2013,38104.61564,0,Female,No
HUMANITIES,2005,36744.01167,0,Male,Yes
HUMANITIES,2011,51146.38824,1,Male,Yes
STEM,2006,32767.96219,0,Female,No
BUSINESS,2005,35178.04721,1,Female,No
STEM,2013,27504.22775,0,Male,No
BUSINESS,2010,43906.72814,0,Male,Yes
BUSINESS,2014,48405.62308,0,Female,No
BUSINESS,2009,46050.24963,0,Female,No
STEM,2011,43239.44762,0,Male,No
HUMANITIES,2010,32740.86181,0,Female,Yes
STEM,2014,31931.37094,0,Male,No
HUMANITIES,2013,38422.78608,0,Female,Yes
STEM,2007,33916.39172,1,Male,No
HUMANITIES,2005,34436.17012,0,Female,No
STEM,2009,40688.91355,0,Female,No
HUMANITIES,2009,31700.65345,0,Male,No
HUMANITIES,2012,41705.00328,0,Male,Yes
STEM,2007,43159.92494,0,Male,No
HUMANITIES,2014,43159.15182,0,Female,Yes
STEM,2007,51192.52322,0,Male,No
STEM,2005,41184.99229,0,Female,No
HUMANITIES,2009,43580.36594,0,Female,Yes
STEM,2011,30621.16655,0,Male,No
HUMANITIES,2005,41594.14108,0,Female,Yes
HUMANITIES,2010,31599.91041,0,Male,Yes
HUMANITIES,2010,58635.81375,1,Female,Yes
STEM,2010,49819.41112,1,Female,No
STEM,2010,35622.67975,0,Male,No
BUSINESS,2007,42444.51962,0,Male,No
STEM,2008,54009.44773,0,Male,No
BUSINESS,2007,28647.40005,0,Male,No
HUMANITIES,2014,39207.16562,1,Female,Yes
BUSINESS,2014,34239.75826,0,Male,No
BUSINESS,2014,42789.32081,0,Female,No
BUSINESS,2005,43963.76355,0,Male,No
HUMANITIES,2008,33393.01756,1,Female,Yes
STEM,2013,47857.96028,1,Male,No
STEM,2006,52459.42366,0,Male,No
HUMANITIES,2007,30363.38755,0,Female,Yes
BUSINESS,2010,42004.37869,0,Female,No
STEM,2007,35897.70373,0,Male,No
STEM,2008,33735.40702,1,Female,No
STEM,2009,46867.39224,0,Female,No
STEM,2010,39843.14398,0,Male,No
HUMANITIES,2005,39158.849,1,Male,No
STEM,2012,35843.60783,0,Male,No
HUMANITIES,2005,33120.58742,1,Female,Yes
HUMANITIES,2014,47913.27274,0,Female,Yes
BUSINESS,2011,39672.10024,1,Female,No
HUMANITIES,2005,36744.16529,0,Male,No
STEM,2012,30548.31431,0,Male,No
HUMANITIES,2010,30794.71156,0,Male,Yes
STEM,2009,36912.06705,0,Male,No
HUMANITIES,2013,33181.56571,0,Female,Yes
STEM,2009,40392.08388,0,Female,No
STEM,2012,32947.69842,0,Male,No
STEM,2007,48412.84477,0,Male,No
BUSINESS,2013,43477.68364,0,Female,Yes
STEM,2008,38740.46008,1,Male,No
BUSINESS,2011,48369.22853,0,Male,No
BUSINESS,2010,39507.13197,0,Female,Yes
HUMANITIES,2014,46536.69586,0,Female,Yes
STEM,2009,42653.91355,1,Male,No
HUMANITIES,2009,38684.04692,0,Female,Yes
BUSINESS,2008,43291.70126,0,Female,No
STEM,2005,30888.85565,0,Male,No
STEM,2014,42500.1998,0,Female,No
STEM,2008,43852.63429,0,Male,No
STEM,2007,33352.12593,0,Male,No
STEM,2013,44517.10377,0,Male,No
STEM,2010,44362.46058,0,Female,No
STEM,2008,41314.80931,0,Male,No
BUSINESS,2007,43843.51017,0,Female,No
BUSINESS,2007,56589.58492,0,Female,No
HUMANITIES,2007,43658.94879,0,Female,Yes
STEM,2007,33777.30297,0,Male,No
HUMANITIES,2010,41906.95784,0,Male,Yes
BUSINESS,2010,33509.38118,0,Male,No
STEM,2006,39155.29194,1,Male,No
BUSINESS,2006,34510.00938,0,Female,No
BUSINESS,2009,39853.56347,0,Female,No
STEM,2010,29351.6391,0,Male,No
STEM,2009,38492.93425,0,Male,No
STEM,2005,33730.29934,0,Male,No
STEM,2012,40258.81142,0,Male,No
STEM,2013,45836.6594,0,Female,No
STEM,2007,49678.02201,0,Male,No
STEM,2005,52574.67891,0,Male,No
HUMANITIES,2014,37214.77409,1,Female,Yes
HUMANITIES,2007,37064.7956,0,Female,Yes
BUSINESS,2013,40152.17633,0,Male,No
BUSINESS,2013,25119.18909,0,Female,Yes
STEM,2009,43690.72529,0,Male,No
STEM,2009,39636.01754,0,Male,No
STEM,2008,38710.01196,0,Male,No
HUMANITIES,2007,34776.86377,1,Female,No
STEM,2011,45366.98493,0,Female,No
STEM,2008,30286.06164,0,Male,No
STEM,2013,43729.90546,0,Male,No
BUSINESS,2006,38354.26074,0,Male,No
HUMANITIES,2006,42370.70818,1,Female,No
STEM,2013,40224.04534,1,Male,No
BUSINESS,2014,44390.31976,0,Female,Yes
STEM,2005,38498.41916,0,Male,No
STEM,2005,37251.81149,1,Male,No
STEM,2009,40337.07386,0,Male,No
BUSINESS,2013,53266.3812,0,Male,No
STEM,2008,43351.48017,0,Female,No
BUSINESS,2007,31406.69166,0,Male,No
HUMANITIES,2006,21640.54573,0,Female,No
STEM,2014,35321.80246,0,Male,No
STEM,2006,34210.30866,0,Female,No
HUMANITIES,2009,51540.42975,0,Female,Yes
HUMANITIES,2011,39829.437,0,Female,No
HUMANITIES,2013,39910.03928,0,Female,No
STEM,2013,29863.59691,0,Male,No
STEM,2005,43034.71514,0,Male,No
HUMANITIES,2014,36185.26678,1,Male,Yes
STEM,2014,46968.08906,0,Male,No
HUMANITIES,2013,47078.18358,0,Female,Yes
STEM,2008,42941.07323,0,Male,No
STEM,2008,38816.98952,0,Male,No
BUSINESS,2006,40465.67382,0,Male,No
STEM,2007,42742.54792,1,Male,No
HUMANITIES,2008,34933.28443,0,Female,No
STEM,2010,42571.86522,0,Male,No
HUMANITIES,2005,52152.36474,0,Male,No
BUSINESS,2013,31518.40265,0,Female,Yes
STEM,2007,44921.32909,0,Male,No
HUMANITIES,2006,42985.34783,0,Female,No
HUMANITIES,2006,36747.89009,0,Female,No
STEM,2013,36205.09311,1,Female,No
BUSINESS,2012,29241.24458,1,Female,No
STEM,2013,41804.61823,0,Male,No
STEM,2014,40255.5374,0,Male,No
STEM,2007,44394.84488,0,Female,No
HUMANITIES,2006,45643.76762,0,Female,No
STEM,2012,40984.23639,0,Female,No
STEM,2007,42149.49043,0,Male,No
STEM,2008,33160.41508,0,Male,No
HUMANITIES,2014,34022.47209,0,Female,Yes
HUMANITIES,2005,28208.21826,1,Male,No
BUSINESS,2012,35679.28432,0,Female,No
HUMANITIES,2009,37668.15709,0,Female,No
BUSINESS,2008,45991.03935,0,Female,No
STEM,2005,31097.57219,0,Male,No
HUMANITIES,2010,30951.2121,1,Female,Yes
BUSINESS,2011,41634.39123,0,Female,No
STEM,2012,34793.49731,0,Female,No
STEM,2011,40470.94513,1,Male,No
STEM,2008,45549.84017,0,Male,No
STEM,2009,40612.71073,0,Male,No
BUSINESS,2011,30434.86483,0,Male,No
STEM,2006,30554.8487,0,Male,No
BUSINESS,2014,39497.14581,0,Male,No
STEM,2006,44419.49771,0,Male,No
STEM,2006,37874.03477,0,Female,No
BUSINESS,2010,45292.24671,0,Female,Yes
STEM,2011,57444.86327,0,Male,No
STEM,2005,35496.00869,1,Male,No
STEM,2011,34090.99448,0,Male,No
HUMANITIES,2014,42165.29755,1,Female,Yes
HUMANITIES,2010,39402.23548,0,Female,Yes
HUMANITIES,2007,49693.60137,0,Female,No
STEM,2012,39877.96479,0,Male,No
HUMANITIES,2013,39067.61741,0,Male,Yes
STEM,2006,46897.65015,0,Male,No
HUMANITIES,2012,44676.8601,0,Female,No
STEM,2014,38978.19623,0,Female,No
STEM,2012,47868.85299,0,Male,No
HUMANITIES,2011,33893.76652,0,Female,Yes
HUMANITIES,2010,37353.34405,0,Male,No
HUMANITIES,2014,44937.15342,0,Male,Yes
STEM,2005,27896.41819,0,Female,No
HUMANITIES,2006,42998.08637,1,Female,Yes
STEM,2009,26924.33929,1,Male,No
HUMANITIES,2013,41865.38567,0,Female,Yes
HUMANITIES,2009,33184.68463,0,Female,No
STEM,2007,46813.06794,1,Male,No
STEM,2009,32079.05921,0,Male,No
HUMANITIES,2006,39666.92818,0,Male,No
BUSINESS,2012,32137.24435,0,Male,No
STEM,2012,36764.09183,1,Female,Yes
STEM,2009,53324.37514,0,Female,No
HUMANITIES,2006,40336.48811,0,Male,No
HUMANITIES,2009,39084.003,0,Female,No
BUSINESS,2008,39480.57673,0,Male,No
STEM,2011,57418.34516,0,Male,No
HUMANITIES,2008,44425.18494,0,Female,Yes
BUSINESS,2006,37107.77933,0,Male,No
STEM,2005,41790.39593,0,Male,No
BUSINESS,2006,36483.95348,1,Female,No
HUMANITIES,2012,45195.57693,0,Female,Yes
STEM,2013,51614.02398,0,Female,No
BUSINESS,2009,45015.21803,0,Male,No
STEM,2007,30246.26547,0,Female,No
STEM,2009,41887.71264,1,Male,No
STEM,2008,38890.21759,1,Male,No
STEM,2014,39969.25061,0,Male,No
STEM,2009,45042.51273,1,Male,No
STEM,2009,50193.85143,0,Male,No
STEM,2006,44202.32685,0,Male,No
STEM,2008,36336.6912,1,Male,No
HUMANITIES,2011,37022.94567,0,Male,Yes
STEM,2009,45548.38748,0,Male,No
BUSINESS,2014,45467.864,0,Female,Yes
HUMANITIES,2006,44470.29376,0,Female,Yes
HUMANITIES,2014,35149.31246,0,Female,No
BUSINESS,2009,24286.44638,0,Female,No
STEM,2014,31179.39982,0,Female,No
STEM,2011,43366.78267,1,Female,No
HUMANITIES,2011,43996.08787,0,Male,Yes
BUSINESS,2007,35679.32748,0,Female,No
BUSINESS,2013,44097.79684,1,Male,No
HUMANITIES,2010,38212.74624,0,Female,Yes
BUSINESS,2009,34505.82621,1,Male,No
BUSINESS,2011,30850.32786,1,Female,No
HUMANITIES,2005,38268.48762,1,Female,Yes
HUMANITIES,2011,31012.12479,1,Female,Yes
BUSINESS,2009,44170.38329,0,Female,No
BUSINESS,2005,39656.68483,0,Male,No
HUMANITIES,2007,47357.03259,0,Female,Yes
STEM,2005,36158.29459,0,Female,No
BUSINESS,2008,35871.09908,0,Female,No
HUMANITIES,2009,40395.73255,0,Female,No
BUSINESS,2009,45881.68318,0,Male,No
HUMANITIES,2008,43720.66881,0,Male,Yes
BUSINESS,2006,27485.21921,1,Female,No
STEM,2011,42121.80747,0,Male,No
BUSINESS,2013,38158.17507,0,Male,Yes
BUSINESS,2006,34813.82127,0,Male,No
HUMANITIES,2014,47017.549,1,Male,Yes
STEM,2012,37453.22695,0,Female,No
HUMANITIES,2005,53560.08977,1,Male,No
STEM,2005,33020.86083,0,Male,No
STEM,2005,37797.9535,0,Male,No
STEM,2012,50984.08558,0,Male,Yes
STEM,2007,40325.36847,0,Female,No
STEM,2009,47800.45346,1,Male,No
HUMANITIES,2006,48282.81757,0,Female,Yes
HUMANITIES,2006,32934.82485,0,Female,No
BUSINESS,2009,45498.60754,1,Female,No
STEM,2006,45357.95955,0,Male,No
HUMANITIES,2008,39295.64645,0,Female,Yes
HUMANITIES,2005,33493.66976,0,Female,No
HUMANITIES,2007,32278.72044,0,Male,No
HUMANITIES,2010,54160.04439,0,Female,Yes
HUMANITIES,2013,39954.14198,0,Female,Yes
HUMANITIES,2010,39543.53556,0,Female,Yes
STEM,2013,39894.31858,0,Male,No
STEM,2011,44865.98425,0,Female,No
HUMANITIES,2006,34827.19848,0,Female,Yes
STEM,2012,36754.11942,0,Male,No
STEM,2011,47761.82162,0,Male,Yes
STEM,2012,44654.52109,0,Male,No
STEM,2005,36425.13638,0,Male,No
STEM,2006,41822.88839,0,Female,No
HUMANITIES,2007,50246.66743,0,Male,Yes
STEM,2012,44799.59385,0,Male,No
BUSINESS,2014,36502.99285,1,Male,No
STEM,2011,39415.57739,0,Male,No
STEM,2005,40073.34931,0,Female,No
BUSINESS,2007,37234.56204,0,Male,No
STEM,2012,37716.25541,0,Male,No
HUMANITIES,2013,29762.77871,1,Female,Yes
STEM,2014,37392.96743,0,Male,No
STEM,2013,52353.97286,1,Male,No
BUSINESS,2011,35788.93291,1,Female,Yes
STEM,2007,38239.74585,0,Female,No
STEM,2010,54822.55962,0,Female,No
STEM,2013,45080.87526,0,Male,Yes
HUMANITIES,2009,43038.86959,0,Male,No
STEM,2013,35486.53461,0,Male,No
HUMANITIES,2008,40662.73377,0,Female,No
HUMANITIES,2011,38632.57785,0,Female,Yes
BUSINESS,2006,54531.99234,0,Male,No
STEM,2014,49797.73661,0,Male,No
HUMANITIES,2013,38403.45322,0,Female,Yes
HUMANITIES,2008,40935.23446,0,Female,No
HUMANITIES,2012,38272.56628,0,Female,Yes
STEM,2006,34783.20556,0,Male,No
BUSINESS,2006,26065.54349,0,Female,No
BUSINESS,2013,39505.15308,0,Male,No
STEM,2011,43916.17163,0,Female,No
STEM,2009,44345.07046,0,Male,No
HUMANITIES,2007,43255.01135,0,Male,No
STEM,2005,42594.77045,0,Male,No
STEM,2005,46679.10578,0,Male,No
STEM,2012,42994.90614,0,Male,No
BUSINESS,2009,34431.00655,1,Female,No
STEM,2005,41034.75263,0,Male,No
STEM,2011,35063.23451,1,Female,No
HUMANITIES,2007,45349.11328,0,Female,Yes
HUMANITIES,2012,35358.45742,0,Female,Yes
STEM,2009,37706.27878,0,Female,No
STEM,2013,33028.85028,0,Male,No
STEM,2005,30360.31743,0,Male,No
STEM,2009,46051.31586,0,Female,No
STEM,2005,47660.08478,0,Male,No
BUSINESS,2010,33006.34173,0,Male,No
BUSINESS,2008,32705.80558,1,Female,No
STEM,2014,41151.33819,0,Male,No
BUSINESS,2005,25086.40955,0,Male,No
HUMANITIES,2005,46223.53669,0,Female,No
STEM,2005,42471.29084,0,Male,No
HUMANITIES,2007,38997.34994,0,Female,No
BUSINESS,2005,49240.3929,0,Female,No
STEM,2008,42381.45673,0,Male,No
HUMANITIES,2010,36405.01317,0,Female,No
BUSINESS,2010,28169.84131,0,Female,Yes
HUMANITIES,2013,34853.13894,1,Female,No
HUMANITIES,2012,36871.33579,0,Female,Yes
STEM,2011,31066.15195,0,Male,No
HUMANITIES,2006,42990.94471,0,Female,Yes
STEM,2014,48807.1844,0,Male,No
HUMANITIES,2010,46787.88534,1,Female,Yes
STEM,2005,38772.69979,0,Male,No
STEM,2010,32380.19061,0,Male,No
STEM,2012,38315.25526,0,Male,Yes
HUMANITIES,2013,37512.93602,1,Female,Yes
BUSINESS,2011,50459.28791,1,Female,Yes
HUMANITIES,2005,55977.95286,1,Female,No
BUSINESS,2013,32826.67752,0,Male,No
STEM,2013,50606.16233,0,Male,No
HUMANITIES,2006,36370.01152,0,Male,No
HUMANITIES,2009,48265.8621,0,Male,No
STEM,2007,52587.88228,0,Female,No
BUSINESS,2006,29443.10136,0,Female,No
STEM,2013,40241.43191,0,Male,No
STEM,2007,44747.29209,0,Male,No
STEM,2011,37732.89627,0,Female,No
STEM,2014,36879.54576,0,Male,No
BUSINESS,2006,44620.35282,0,Female,No
BUSINESS,2006,37821.6605,0,Male,No
STEM,2010,28133.88051,0,Female,No
HUMANITIES,2013,40860.67743,0,Female,Yes
HUMANITIES,2013,45042.85828,0,Female,Yes
BUSINESS,2013,35153.19447,0,Male,Yes
STEM,2005,39616.98959,1,Male,No
STEM,2012,47807.06308,1,Female,No
STEM,2013,31361.19639,0,Female,No
BUSINESS,2005,35714.52475,0,Female,No
BUSINESS,2006,45889.8903,0,Female,No
HUMANITIES,2010,43129.73748,1,Female,Yes
STEM,2009,28514.82889,0,Male,No
HUMANITIES,2013,45926.98387,0,Female,Yes
STEM,2013,39860.15242,0,Male,No
HUMANITIES,2011,33846.72159,0,Female,Yes
BUSINESS,2006,45829.14113,1,Male,No
BUSINESS,2014,47792.45301,0,Female,Yes
HUMANITIES,2011,32918.44881,0,Female,Yes
STEM,2014,40369.35504,1,Male,No
STEM,2011,60596.29786,0,Male,No
BUSINESS,2010,56812.64544,1,Male,No
STEM,2013,44738.33691,0,Male,No
HUMANITIES,2010,47555.19181,1,Female,Yes
HUMANITIES,2005,44686.85284,0,Female,Yes
HUMANITIES,2014,29900.8635,1,Female,Yes
STEM,2007,60027.81199,1,Male,No
STEM,2009,45890.21118,0,Male,No
HUMANITIES,2006,42018.16848,0,Female,Yes
BUSINESS,2009,33745.00839,0,Male,No
STEM,2008,43785.50747,1,Male,No
BUSINESS,2012,35861.44223,0,Male,Yes
BUSINESS,2009,44363.41702,0,Male,Yes
HUMANITIES,2010,31727.63486,0,Male,Yes
HUMANITIES,2010,29946.07362,0,Female,No
HUMANITIES,2005,28662.19617,0,Male,No
STEM,2012,40555.48385,0,Male,No
HUMANITIES,2010,49682.31209,1,Female,Yes
HUMANITIES,2013,48425.97253,0,Male,Yes
HUMANITIES,2013,51945.80065,0,Male,Yes
BUSINESS,2011,31016.67394,0,Male,Yes
STEM,2006,33804.84572,1,Male,No
STEM,2008,51264.29791,0,Male,No
STEM,2013,24682.15322,0,Male,No
STEM,2010,41990.1215,0,Female,Yes
STEM,2007,43610.16033,0,Male,No
HUMANITIES,2005,31629.75387,0,Female,No
STEM,2007,40807.34,0,Male,No
BUSINESS,2013,39046.36573,1,Male,No
BUSINESS,2012,40163.53776,0,Male,No
STEM,2013,42379.83185,0,Male,No
STEM,2012,40259.14442,0,Male,No
HUMANITIES,2012,40240.94911,0,Female,No
STEM,2007,32908.16832,0,Female,No
BUSINESS,2012,45624.07304,0,Male,No
HUMANITIES,2008,33949.36521,0,Female,No
STEM,2007,46001.56986,0,Male,No
STEM,2009,28259.37188,0,Male,No
HUMANITIES,2008,37617.32764,0,Female,Yes
HUMANITIES,2011,28307.83827,0,Female,Yes
HUMANITIES,2011,39159.92716,0,Female,Yes
HUMANITIES,2008,29861.0788,1,Male,No
STEM,2007,45519.37895,1,Male,No
STEM,2012,50634.96896,0,Male,No
HUMANITIES,2005,35974.39569,0,Male,No
HUMANITIES,2013,42686.81536,0,Female,No
HUMANITIES,2008,43270.50227,0,Female,No
STEM,2011,35337.02587,0,Male,No
HUMANITIES,2008,50705.24244,0,Female,Yes
STEM,2012,45915.64001,0,Male,No
HUMANITIES,2012,24811.3557,0,Female,No
STEM,2008,43143.45314,0,Male,No
BUSINESS,2007,58341.07717,1,Male,No
HUMANITIES,2014,40738.65794,0,Female,Yes
HUMANITIES,2009,35294.83018,0,Female,Yes
STEM,2007,45692.5073,1,Male,No
STEM,2006,44372.43519,0,Male,No
STEM,2012,34199.39647,0,Male,No
HUMANITIES,2010,52979.17833,0,Male,Yes
STEM,2010,44807.84991,1,Male,No
BUSINESS,2012,38840.71207,1,Female,Yes
HUMANITIES,2013,35386.37065,0,Female,No
HUMANITIES,2005,47280.27087,0,Female,No
STEM,2012,54598.63476,0,Male,No
HUMANITIES,2010,45179.2219,0,Female,Yes
HUMANITIES,2005,54821.77149,0,Female,No
HUMANITIES,2005,41636.33273,0,Female,Yes
STEM,2005,34070.00849,0,Male,No
HUMANITIES,2012,29181.37954,1,Male,Yes
BUSINESS,2008,40854.67276,0,Female,No
STEM,2010,41786.57095,0,Male,No
STEM,2005,33378.06416,0,Male,No
HUMANITIES,2007,40910.94582,0,Female,Yes
STEM,2007,36160.00852,1,Male,No
STEM,2008,31040.65851,1,Male,No
STEM,2009,44264.7427,0,Male,No
HUMANITIES,2009,37367.84643,0,Female,No
STEM,2009,43096.95198,0,Male,No
STEM,2013,28135.08544,0,Male,No
STEM,2014,27444.1784,0,Female,No
BUSINESS,2012,35348.15361,0,Female,No
HUMANITIES,2005,36329.24398,0,Male,No
STEM,2013,57566.16995,0,Male,No
STEM,2011,44222.99573,0,Female,No
STEM,2012,42736.92237,1,Male,No
STEM,2009,32336.42768,0,Male,No
HUMANITIES,2010,42656.03929,0,Male,Yes
STEM,2008,25087.54292,0,Female,No
BUSINESS,2009,42429.19411,0,Male,No
STEM,2009,34751.6807,0,Male,No
BUSINESS,2011,52639.56129,0,Female,No
BUSINESS,2013,56263.42592,1,Male,No
HUMANITIES,2005,41066.67122,1,Female,No
STEM,2011,43719.45056,0,Male,No
STEM,2006,47886.09445,0,Male,No
STEM,2011,34494.34061,0,Male,No
STEM,2005,44468.4296,1,Male,No
BUSINESS,2008,33742.70573,0,Male,No
HUMANITIES,2010,50232.7631,0,Male,Yes
STEM,2007,45788.48589,0,Female,No
STEM,2014,50377.07193,0,Male,No
STEM,2005,35032.70424,0,Female,No
BUSINESS,2013,38243.18484,0,Female,No
STEM,2007,29120.53856,0,Female,No
STEM,2013,40447.28468,0,Female,No
BUSINESS,2006,42099.65487,0,Female,No
STEM,2007,46105.04174,0,Female,No
STEM,2006,30000.6256,0,Female,No
HUMANITIES,2006,35764.16665,0,Female,Yes
STEM,2014,42955.31482,0,Female,No
BUSINESS,2013,64811.50536,0,Female,Yes
STEM,2005,44921.39475,0,Female,No
HUMANITIES,2011,43844.9919,0,Female,Yes
HUMANITIES,2006,47545.77749,0,Female,No
STEM,2006,35396.49388,0,Female,No
STEM,2009,47773.29353,0,Male,No
STEM,2014,38049.19583,0,Female,No
BUSINESS,2011,47648.64453,0,Male,No
HUMANITIES,2007,37065.66256,0,Female,No
HUMANITIES,2006,34988.18745,1,Female,No
HUMANITIES,2007,48511.11445,0,Male,Yes
BUSINESS,2005,35584.41495,0,Female,No
STEM,2006,48763.83651,0,Male,No
HUMANITIES,2009,42052.91425,1,Female,No
STEM,2009,34589.03144,0,Male,No
HUMANITIES,2006,38740.58255,1,Male,No
STEM,2008,43515.11976,0,Male,No
STEM,2011,48253.69137,0,Male,No
HUMANITIES,2005,42039.9534,0,Female,No
HUMANITIES,2014,43469.43965,0,Male,Yes
BUSINESS,2013,45643.08934,0,Female,Yes
HUMANITIES,2011,44273.3758,0,Male,No
STEM,2010,40451.83087,0,Male,No
HUMANITIES,2011,36555.47642,0,Female,Yes
STEM,2012,33395.41212,0,Male,No
HUMANITIES,2006,36034.10598,0,Female,Yes
HUMANITIES,2006,36825.31506,0,Female,Yes
BUSINESS,2006,34593.55795,0,Female,No
HUMANITIES,2009,35146.67201,0,Female,Yes
STEM,2012,47883.54362,0,Male,No
BUSINESS,2006,42817.102,1,Female,No
BUSINESS,2008,47527.62822,0,Male,No
